,game,model,experiment,episode,metric,value
0,escape_room,InternVL3-14B-t0.0--InternVL3-14B-t0.0,11_far,episode_4,Request Count,65
1,escape_room,InternVL3-14B-t0.0--InternVL3-14B-t0.0,11_far,episode_4,Violated Request Count,0
2,escape_room,InternVL3-14B-t0.0--InternVL3-14B-t0.0,11_far,episode_4,Parsed Request Count,65
3,escape_room,InternVL3-14B-t0.0--InternVL3-14B-t0.0,11_far,episode_4,Aborted,0
4,escape_room,InternVL3-14B-t0.0--InternVL3-14B-t0.0,11_far,episode_4,Success,0
5,escape_room,InternVL3-14B-t0.0--InternVL3-14B-t0.0,11_far,episode_4,Lose,1
6,escape_room,InternVL3-14B-t0.0--InternVL3-14B-t0.0,11_far,episode_4,Main Score,0
7,escape_room,InternVL3-14B-t0.0--InternVL3-14B-t0.0,11_far,episode_3,Request Count,53
8,escape_room,InternVL3-14B-t0.0--InternVL3-14B-t0.0,11_far,episode_3,Violated Request Count,0
9,escape_room,InternVL3-14B-t0.0--InternVL3-14B-t0.0,11_far,episode_3,Parsed Request Count,53
10,escape_room,InternVL3-14B-t0.0--InternVL3-14B-t0.0,11_far,episode_3,Aborted,0
11,escape_room,InternVL3-14B-t0.0--InternVL3-14B-t0.0,11_far,episode_3,Success,1
12,escape_room,InternVL3-14B-t0.0--InternVL3-14B-t0.0,11_far,episode_3,Lose,0
13,escape_room,InternVL3-14B-t0.0--InternVL3-14B-t0.0,11_far,episode_3,Main Score,38.888888888888886
14,escape_room,InternVL3-14B-t0.0--InternVL3-14B-t0.0,11_far,episode_5,Request Count,61
15,escape_room,InternVL3-14B-t0.0--InternVL3-14B-t0.0,11_far,episode_5,Violated Request Count,0
16,escape_room,InternVL3-14B-t0.0--InternVL3-14B-t0.0,11_far,episode_5,Parsed Request Count,61
17,escape_room,InternVL3-14B-t0.0--InternVL3-14B-t0.0,11_far,episode_5,Aborted,0
18,escape_room,InternVL3-14B-t0.0--InternVL3-14B-t0.0,11_far,episode_5,Success,0
19,escape_room,InternVL3-14B-t0.0--InternVL3-14B-t0.0,11_far,episode_5,Lose,1
20,escape_room,InternVL3-14B-t0.0--InternVL3-14B-t0.0,11_far,episode_5,Main Score,0
21,escape_room,InternVL3-14B-t0.0--InternVL3-14B-t0.0,11_far,episode_9,Request Count,69
22,escape_room,InternVL3-14B-t0.0--InternVL3-14B-t0.0,11_far,episode_9,Violated Request Count,0
23,escape_room,InternVL3-14B-t0.0--InternVL3-14B-t0.0,11_far,episode_9,Parsed Request Count,69
24,escape_room,InternVL3-14B-t0.0--InternVL3-14B-t0.0,11_far,episode_9,Aborted,0
25,escape_room,InternVL3-14B-t0.0--InternVL3-14B-t0.0,11_far,episode_9,Success,0
26,escape_room,InternVL3-14B-t0.0--InternVL3-14B-t0.0,11_far,episode_9,Lose,1
27,escape_room,InternVL3-14B-t0.0--InternVL3-14B-t0.0,11_far,episode_9,Main Score,12.5
28,escape_room,InternVL3-14B-t0.0--InternVL3-14B-t0.0,11_far,episode_7,Request Count,67
29,escape_room,InternVL3-14B-t0.0--InternVL3-14B-t0.0,11_far,episode_7,Violated Request Count,0
30,escape_room,InternVL3-14B-t0.0--InternVL3-14B-t0.0,11_far,episode_7,Parsed Request Count,67
31,escape_room,InternVL3-14B-t0.0--InternVL3-14B-t0.0,11_far,episode_7,Aborted,0
32,escape_room,InternVL3-14B-t0.0--InternVL3-14B-t0.0,11_far,episode_7,Success,0
33,escape_room,InternVL3-14B-t0.0--InternVL3-14B-t0.0,11_far,episode_7,Lose,1
34,escape_room,InternVL3-14B-t0.0--InternVL3-14B-t0.0,11_far,episode_7,Main Score,0
35,escape_room,InternVL3-14B-t0.0--InternVL3-14B-t0.0,11_far,episode_1,Request Count,42
36,escape_room,InternVL3-14B-t0.0--InternVL3-14B-t0.0,11_far,episode_1,Violated Request Count,0
37,escape_room,InternVL3-14B-t0.0--InternVL3-14B-t0.0,11_far,episode_1,Parsed Request Count,42
38,escape_room,InternVL3-14B-t0.0--InternVL3-14B-t0.0,11_far,episode_1,Aborted,0
39,escape_room,InternVL3-14B-t0.0--InternVL3-14B-t0.0,11_far,episode_1,Success,0
40,escape_room,InternVL3-14B-t0.0--InternVL3-14B-t0.0,11_far,episode_1,Lose,1
41,escape_room,InternVL3-14B-t0.0--InternVL3-14B-t0.0,11_far,episode_1,Main Score,0
42,escape_room,InternVL3-14B-t0.0--InternVL3-14B-t0.0,11_far,episode_0,Request Count,68
43,escape_room,InternVL3-14B-t0.0--InternVL3-14B-t0.0,11_far,episode_0,Violated Request Count,0
44,escape_room,InternVL3-14B-t0.0--InternVL3-14B-t0.0,11_far,episode_0,Parsed Request Count,68
45,escape_room,InternVL3-14B-t0.0--InternVL3-14B-t0.0,11_far,episode_0,Aborted,0
46,escape_room,InternVL3-14B-t0.0--InternVL3-14B-t0.0,11_far,episode_0,Success,0
47,escape_room,InternVL3-14B-t0.0--InternVL3-14B-t0.0,11_far,episode_0,Lose,1
48,escape_room,InternVL3-14B-t0.0--InternVL3-14B-t0.0,11_far,episode_0,Main Score,0
49,escape_room,InternVL3-14B-t0.0--InternVL3-14B-t0.0,5_high_ambiguity,episode_4,Request Count,16
50,escape_room,InternVL3-14B-t0.0--InternVL3-14B-t0.0,5_high_ambiguity,episode_4,Violated Request Count,0
51,escape_room,InternVL3-14B-t0.0--InternVL3-14B-t0.0,5_high_ambiguity,episode_4,Parsed Request Count,16
52,escape_room,InternVL3-14B-t0.0--InternVL3-14B-t0.0,5_high_ambiguity,episode_4,Aborted,0
53,escape_room,InternVL3-14B-t0.0--InternVL3-14B-t0.0,5_high_ambiguity,episode_4,Success,1
54,escape_room,InternVL3-14B-t0.0--InternVL3-14B-t0.0,5_high_ambiguity,episode_4,Lose,0
55,escape_room,InternVL3-14B-t0.0--InternVL3-14B-t0.0,5_high_ambiguity,episode_4,Main Score,100.0
56,escape_room,InternVL3-14B-t0.0--InternVL3-14B-t0.0,5_high_ambiguity,episode_3,Request Count,48
57,escape_room,InternVL3-14B-t0.0--InternVL3-14B-t0.0,5_high_ambiguity,episode_3,Violated Request Count,0
58,escape_room,InternVL3-14B-t0.0--InternVL3-14B-t0.0,5_high_ambiguity,episode_3,Parsed Request Count,48
59,escape_room,InternVL3-14B-t0.0--InternVL3-14B-t0.0,5_high_ambiguity,episode_3,Aborted,0
60,escape_room,InternVL3-14B-t0.0--InternVL3-14B-t0.0,5_high_ambiguity,episode_3,Success,0
61,escape_room,InternVL3-14B-t0.0--InternVL3-14B-t0.0,5_high_ambiguity,episode_3,Lose,1
62,escape_room,InternVL3-14B-t0.0--InternVL3-14B-t0.0,5_high_ambiguity,episode_3,Main Score,0
63,escape_room,InternVL3-14B-t0.0--InternVL3-14B-t0.0,5_high_ambiguity,episode_8,Request Count,32
64,escape_room,InternVL3-14B-t0.0--InternVL3-14B-t0.0,5_high_ambiguity,episode_8,Violated Request Count,0
65,escape_room,InternVL3-14B-t0.0--InternVL3-14B-t0.0,5_high_ambiguity,episode_8,Parsed Request Count,32
66,escape_room,InternVL3-14B-t0.0--InternVL3-14B-t0.0,5_high_ambiguity,episode_8,Aborted,0
67,escape_room,InternVL3-14B-t0.0--InternVL3-14B-t0.0,5_high_ambiguity,episode_8,Success,1
68,escape_room,InternVL3-14B-t0.0--InternVL3-14B-t0.0,5_high_ambiguity,episode_8,Lose,0
69,escape_room,InternVL3-14B-t0.0--InternVL3-14B-t0.0,5_high_ambiguity,episode_8,Main Score,50.0
70,escape_room,InternVL3-14B-t0.0--InternVL3-14B-t0.0,5_high_ambiguity,episode_2,Request Count,61
71,escape_room,InternVL3-14B-t0.0--InternVL3-14B-t0.0,5_high_ambiguity,episode_2,Violated Request Count,0
72,escape_room,InternVL3-14B-t0.0--InternVL3-14B-t0.0,5_high_ambiguity,episode_2,Parsed Request Count,61
73,escape_room,InternVL3-14B-t0.0--InternVL3-14B-t0.0,5_high_ambiguity,episode_2,Aborted,0
74,escape_room,InternVL3-14B-t0.0--InternVL3-14B-t0.0,5_high_ambiguity,episode_2,Success,0
75,escape_room,InternVL3-14B-t0.0--InternVL3-14B-t0.0,5_high_ambiguity,episode_2,Lose,1
76,escape_room,InternVL3-14B-t0.0--InternVL3-14B-t0.0,5_high_ambiguity,episode_2,Main Score,0
77,escape_room,InternVL3-14B-t0.0--InternVL3-14B-t0.0,5_high_ambiguity,episode_5,Request Count,65
78,escape_room,InternVL3-14B-t0.0--InternVL3-14B-t0.0,5_high_ambiguity,episode_5,Violated Request Count,0
79,escape_room,InternVL3-14B-t0.0--InternVL3-14B-t0.0,5_high_ambiguity,episode_5,Parsed Request Count,65
80,escape_room,InternVL3-14B-t0.0--InternVL3-14B-t0.0,5_high_ambiguity,episode_5,Aborted,0
81,escape_room,InternVL3-14B-t0.0--InternVL3-14B-t0.0,5_high_ambiguity,episode_5,Success,0
82,escape_room,InternVL3-14B-t0.0--InternVL3-14B-t0.0,5_high_ambiguity,episode_5,Lose,1
83,escape_room,InternVL3-14B-t0.0--InternVL3-14B-t0.0,5_high_ambiguity,episode_5,Main Score,0
84,escape_room,InternVL3-14B-t0.0--InternVL3-14B-t0.0,5_high_ambiguity,episode_9,Request Count,65
85,escape_room,InternVL3-14B-t0.0--InternVL3-14B-t0.0,5_high_ambiguity,episode_9,Violated Request Count,0
86,escape_room,InternVL3-14B-t0.0--InternVL3-14B-t0.0,5_high_ambiguity,episode_9,Parsed Request Count,65
87,escape_room,InternVL3-14B-t0.0--InternVL3-14B-t0.0,5_high_ambiguity,episode_9,Aborted,0
88,escape_room,InternVL3-14B-t0.0--InternVL3-14B-t0.0,5_high_ambiguity,episode_9,Success,0
89,escape_room,InternVL3-14B-t0.0--InternVL3-14B-t0.0,5_high_ambiguity,episode_9,Lose,1
90,escape_room,InternVL3-14B-t0.0--InternVL3-14B-t0.0,5_high_ambiguity,episode_9,Main Score,13.333333333333334
91,escape_room,InternVL3-14B-t0.0--InternVL3-14B-t0.0,5_high_ambiguity,episode_7,Request Count,40
92,escape_room,InternVL3-14B-t0.0--InternVL3-14B-t0.0,5_high_ambiguity,episode_7,Violated Request Count,0
93,escape_room,InternVL3-14B-t0.0--InternVL3-14B-t0.0,5_high_ambiguity,episode_7,Parsed Request Count,40
94,escape_room,InternVL3-14B-t0.0--InternVL3-14B-t0.0,5_high_ambiguity,episode_7,Aborted,0
95,escape_room,InternVL3-14B-t0.0--InternVL3-14B-t0.0,5_high_ambiguity,episode_7,Success,0
96,escape_room,InternVL3-14B-t0.0--InternVL3-14B-t0.0,5_high_ambiguity,episode_7,Lose,1
97,escape_room,InternVL3-14B-t0.0--InternVL3-14B-t0.0,5_high_ambiguity,episode_7,Main Score,0
98,escape_room,InternVL3-14B-t0.0--InternVL3-14B-t0.0,5_high_ambiguity,episode_1,Request Count,28
99,escape_room,InternVL3-14B-t0.0--InternVL3-14B-t0.0,5_high_ambiguity,episode_1,Violated Request Count,0
100,escape_room,InternVL3-14B-t0.0--InternVL3-14B-t0.0,5_high_ambiguity,episode_1,Parsed Request Count,28
101,escape_room,InternVL3-14B-t0.0--InternVL3-14B-t0.0,5_high_ambiguity,episode_1,Aborted,0
102,escape_room,InternVL3-14B-t0.0--InternVL3-14B-t0.0,5_high_ambiguity,episode_1,Success,1
103,escape_room,InternVL3-14B-t0.0--InternVL3-14B-t0.0,5_high_ambiguity,episode_1,Lose,0
104,escape_room,InternVL3-14B-t0.0--InternVL3-14B-t0.0,5_high_ambiguity,episode_1,Main Score,66.66666666666667
105,escape_room,InternVL3-14B-t0.0--InternVL3-14B-t0.0,5_high_ambiguity,episode_6,Request Count,16
106,escape_room,InternVL3-14B-t0.0--InternVL3-14B-t0.0,5_high_ambiguity,episode_6,Violated Request Count,0
107,escape_room,InternVL3-14B-t0.0--InternVL3-14B-t0.0,5_high_ambiguity,episode_6,Parsed Request Count,16
108,escape_room,InternVL3-14B-t0.0--InternVL3-14B-t0.0,5_high_ambiguity,episode_6,Aborted,0
109,escape_room,InternVL3-14B-t0.0--InternVL3-14B-t0.0,5_high_ambiguity,episode_6,Success,0
110,escape_room,InternVL3-14B-t0.0--InternVL3-14B-t0.0,5_high_ambiguity,episode_6,Lose,1
111,escape_room,InternVL3-14B-t0.0--InternVL3-14B-t0.0,5_high_ambiguity,episode_6,Main Score,0
112,escape_room,InternVL3-14B-t0.0--InternVL3-14B-t0.0,5_high_ambiguity,episode_0,Request Count,34
113,escape_room,InternVL3-14B-t0.0--InternVL3-14B-t0.0,5_high_ambiguity,episode_0,Violated Request Count,0
114,escape_room,InternVL3-14B-t0.0--InternVL3-14B-t0.0,5_high_ambiguity,episode_0,Parsed Request Count,34
115,escape_room,InternVL3-14B-t0.0--InternVL3-14B-t0.0,5_high_ambiguity,episode_0,Aborted,0
116,escape_room,InternVL3-14B-t0.0--InternVL3-14B-t0.0,5_high_ambiguity,episode_0,Success,1
117,escape_room,InternVL3-14B-t0.0--InternVL3-14B-t0.0,5_high_ambiguity,episode_0,Lose,0
118,escape_room,InternVL3-14B-t0.0--InternVL3-14B-t0.0,5_high_ambiguity,episode_0,Main Score,76.92307692307692
119,escape_room,InternVL3-14B-t0.0--InternVL3-14B-t0.0,7_ladder,episode_4,Request Count,64
120,escape_room,InternVL3-14B-t0.0--InternVL3-14B-t0.0,7_ladder,episode_4,Violated Request Count,0
121,escape_room,InternVL3-14B-t0.0--InternVL3-14B-t0.0,7_ladder,episode_4,Parsed Request Count,64
122,escape_room,InternVL3-14B-t0.0--InternVL3-14B-t0.0,7_ladder,episode_4,Aborted,0
123,escape_room,InternVL3-14B-t0.0--InternVL3-14B-t0.0,7_ladder,episode_4,Success,0
124,escape_room,InternVL3-14B-t0.0--InternVL3-14B-t0.0,7_ladder,episode_4,Lose,1
125,escape_room,InternVL3-14B-t0.0--InternVL3-14B-t0.0,7_ladder,episode_4,Main Score,0
126,escape_room,InternVL3-14B-t0.0--InternVL3-14B-t0.0,7_ladder,episode_3,Request Count,78
127,escape_room,InternVL3-14B-t0.0--InternVL3-14B-t0.0,7_ladder,episode_3,Violated Request Count,0
128,escape_room,InternVL3-14B-t0.0--InternVL3-14B-t0.0,7_ladder,episode_3,Parsed Request Count,78
129,escape_room,InternVL3-14B-t0.0--InternVL3-14B-t0.0,7_ladder,episode_3,Aborted,0
130,escape_room,InternVL3-14B-t0.0--InternVL3-14B-t0.0,7_ladder,episode_3,Success,0
131,escape_room,InternVL3-14B-t0.0--InternVL3-14B-t0.0,7_ladder,episode_3,Lose,1
132,escape_room,InternVL3-14B-t0.0--InternVL3-14B-t0.0,7_ladder,episode_3,Main Score,25.806451612903228
133,escape_room,InternVL3-14B-t0.0--InternVL3-14B-t0.0,7_ladder,episode_8,Request Count,24
134,escape_room,InternVL3-14B-t0.0--InternVL3-14B-t0.0,7_ladder,episode_8,Violated Request Count,0
135,escape_room,InternVL3-14B-t0.0--InternVL3-14B-t0.0,7_ladder,episode_8,Parsed Request Count,24
136,escape_room,InternVL3-14B-t0.0--InternVL3-14B-t0.0,7_ladder,episode_8,Aborted,0
137,escape_room,InternVL3-14B-t0.0--InternVL3-14B-t0.0,7_ladder,episode_8,Success,1
138,escape_room,InternVL3-14B-t0.0--InternVL3-14B-t0.0,7_ladder,episode_8,Lose,0
139,escape_room,InternVL3-14B-t0.0--InternVL3-14B-t0.0,7_ladder,episode_8,Main Score,85.71428571428571
140,escape_room,InternVL3-14B-t0.0--InternVL3-14B-t0.0,7_ladder,episode_2,Request Count,62
141,escape_room,InternVL3-14B-t0.0--InternVL3-14B-t0.0,7_ladder,episode_2,Violated Request Count,0
142,escape_room,InternVL3-14B-t0.0--InternVL3-14B-t0.0,7_ladder,episode_2,Parsed Request Count,62
143,escape_room,InternVL3-14B-t0.0--InternVL3-14B-t0.0,7_ladder,episode_2,Aborted,0
144,escape_room,InternVL3-14B-t0.0--InternVL3-14B-t0.0,7_ladder,episode_2,Success,0
145,escape_room,InternVL3-14B-t0.0--InternVL3-14B-t0.0,7_ladder,episode_2,Lose,1
146,escape_room,InternVL3-14B-t0.0--InternVL3-14B-t0.0,7_ladder,episode_2,Main Score,0
147,escape_room,InternVL3-14B-t0.0--InternVL3-14B-t0.0,7_ladder,episode_5,Request Count,53
148,escape_room,InternVL3-14B-t0.0--InternVL3-14B-t0.0,7_ladder,episode_5,Violated Request Count,0
149,escape_room,InternVL3-14B-t0.0--InternVL3-14B-t0.0,7_ladder,episode_5,Parsed Request Count,53
150,escape_room,InternVL3-14B-t0.0--InternVL3-14B-t0.0,7_ladder,episode_5,Aborted,0
151,escape_room,InternVL3-14B-t0.0--InternVL3-14B-t0.0,7_ladder,episode_5,Success,1
152,escape_room,InternVL3-14B-t0.0--InternVL3-14B-t0.0,7_ladder,episode_5,Lose,0
153,escape_room,InternVL3-14B-t0.0--InternVL3-14B-t0.0,7_ladder,episode_5,Main Score,66.66666666666667
154,escape_room,InternVL3-14B-t0.0--InternVL3-14B-t0.0,7_ladder,episode_9,Request Count,65
155,escape_room,InternVL3-14B-t0.0--InternVL3-14B-t0.0,7_ladder,episode_9,Violated Request Count,0
156,escape_room,InternVL3-14B-t0.0--InternVL3-14B-t0.0,7_ladder,episode_9,Parsed Request Count,65
157,escape_room,InternVL3-14B-t0.0--InternVL3-14B-t0.0,7_ladder,episode_9,Aborted,0
158,escape_room,InternVL3-14B-t0.0--InternVL3-14B-t0.0,7_ladder,episode_9,Success,0
159,escape_room,InternVL3-14B-t0.0--InternVL3-14B-t0.0,7_ladder,episode_9,Lose,1
160,escape_room,InternVL3-14B-t0.0--InternVL3-14B-t0.0,7_ladder,episode_9,Main Score,0
161,escape_room,InternVL3-14B-t0.0--InternVL3-14B-t0.0,7_ladder,episode_7,Request Count,20
162,escape_room,InternVL3-14B-t0.0--InternVL3-14B-t0.0,7_ladder,episode_7,Violated Request Count,0
163,escape_room,InternVL3-14B-t0.0--InternVL3-14B-t0.0,7_ladder,episode_7,Parsed Request Count,20
164,escape_room,InternVL3-14B-t0.0--InternVL3-14B-t0.0,7_ladder,episode_7,Aborted,0
165,escape_room,InternVL3-14B-t0.0--InternVL3-14B-t0.0,7_ladder,episode_7,Success,1
166,escape_room,InternVL3-14B-t0.0--InternVL3-14B-t0.0,7_ladder,episode_7,Lose,0
167,escape_room,InternVL3-14B-t0.0--InternVL3-14B-t0.0,7_ladder,episode_7,Main Score,100.0
168,escape_room,InternVL3-14B-t0.0--InternVL3-14B-t0.0,7_ladder,episode_1,Request Count,24
169,escape_room,InternVL3-14B-t0.0--InternVL3-14B-t0.0,7_ladder,episode_1,Violated Request Count,0
170,escape_room,InternVL3-14B-t0.0--InternVL3-14B-t0.0,7_ladder,episode_1,Parsed Request Count,24
171,escape_room,InternVL3-14B-t0.0--InternVL3-14B-t0.0,7_ladder,episode_1,Aborted,0
172,escape_room,InternVL3-14B-t0.0--InternVL3-14B-t0.0,7_ladder,episode_1,Success,0
173,escape_room,InternVL3-14B-t0.0--InternVL3-14B-t0.0,7_ladder,episode_1,Lose,1
174,escape_room,InternVL3-14B-t0.0--InternVL3-14B-t0.0,7_ladder,episode_1,Main Score,0
175,escape_room,InternVL3-14B-t0.0--InternVL3-14B-t0.0,7_ladder,episode_6,Request Count,102
176,escape_room,InternVL3-14B-t0.0--InternVL3-14B-t0.0,7_ladder,episode_6,Violated Request Count,0
177,escape_room,InternVL3-14B-t0.0--InternVL3-14B-t0.0,7_ladder,episode_6,Parsed Request Count,102
178,escape_room,InternVL3-14B-t0.0--InternVL3-14B-t0.0,7_ladder,episode_6,Aborted,0
179,escape_room,InternVL3-14B-t0.0--InternVL3-14B-t0.0,7_ladder,episode_6,Success,0
180,escape_room,InternVL3-14B-t0.0--InternVL3-14B-t0.0,7_ladder,episode_6,Lose,1
181,escape_room,InternVL3-14B-t0.0--InternVL3-14B-t0.0,7_ladder,episode_6,Main Score,13.333333333333334
182,escape_room,InternVL3-14B-t0.0--InternVL3-14B-t0.0,7_ladder,episode_0,Request Count,45
183,escape_room,InternVL3-14B-t0.0--InternVL3-14B-t0.0,7_ladder,episode_0,Violated Request Count,0
184,escape_room,InternVL3-14B-t0.0--InternVL3-14B-t0.0,7_ladder,episode_0,Parsed Request Count,45
185,escape_room,InternVL3-14B-t0.0--InternVL3-14B-t0.0,7_ladder,episode_0,Aborted,0
186,escape_room,InternVL3-14B-t0.0--InternVL3-14B-t0.0,7_ladder,episode_0,Success,1
187,escape_room,InternVL3-14B-t0.0--InternVL3-14B-t0.0,7_ladder,episode_0,Lose,0
188,escape_room,InternVL3-14B-t0.0--InternVL3-14B-t0.0,7_ladder,episode_0,Main Score,66.66666666666667
189,escape_room,InternVL3-14B-t0.0--InternVL3-14B-t0.0,0_small,episode_4,Request Count,29
190,escape_room,InternVL3-14B-t0.0--InternVL3-14B-t0.0,0_small,episode_4,Violated Request Count,0
191,escape_room,InternVL3-14B-t0.0--InternVL3-14B-t0.0,0_small,episode_4,Parsed Request Count,29
192,escape_room,InternVL3-14B-t0.0--InternVL3-14B-t0.0,0_small,episode_4,Aborted,0
193,escape_room,InternVL3-14B-t0.0--InternVL3-14B-t0.0,0_small,episode_4,Success,1
194,escape_room,InternVL3-14B-t0.0--InternVL3-14B-t0.0,0_small,episode_4,Lose,0
195,escape_room,InternVL3-14B-t0.0--InternVL3-14B-t0.0,0_small,episode_4,Main Score,80.0
196,escape_room,InternVL3-14B-t0.0--InternVL3-14B-t0.0,0_small,episode_3,Request Count,16
197,escape_room,InternVL3-14B-t0.0--InternVL3-14B-t0.0,0_small,episode_3,Violated Request Count,0
198,escape_room,InternVL3-14B-t0.0--InternVL3-14B-t0.0,0_small,episode_3,Parsed Request Count,16
199,escape_room,InternVL3-14B-t0.0--InternVL3-14B-t0.0,0_small,episode_3,Aborted,0
200,escape_room,InternVL3-14B-t0.0--InternVL3-14B-t0.0,0_small,episode_3,Success,1
201,escape_room,InternVL3-14B-t0.0--InternVL3-14B-t0.0,0_small,episode_3,Lose,0
202,escape_room,InternVL3-14B-t0.0--InternVL3-14B-t0.0,0_small,episode_3,Main Score,100.0
203,escape_room,InternVL3-14B-t0.0--InternVL3-14B-t0.0,0_small,episode_8,Request Count,65
204,escape_room,InternVL3-14B-t0.0--InternVL3-14B-t0.0,0_small,episode_8,Violated Request Count,0
205,escape_room,InternVL3-14B-t0.0--InternVL3-14B-t0.0,0_small,episode_8,Parsed Request Count,65
206,escape_room,InternVL3-14B-t0.0--InternVL3-14B-t0.0,0_small,episode_8,Aborted,0
207,escape_room,InternVL3-14B-t0.0--InternVL3-14B-t0.0,0_small,episode_8,Success,0
208,escape_room,InternVL3-14B-t0.0--InternVL3-14B-t0.0,0_small,episode_8,Lose,1
209,escape_room,InternVL3-14B-t0.0--InternVL3-14B-t0.0,0_small,episode_8,Main Score,0
210,escape_room,InternVL3-14B-t0.0--InternVL3-14B-t0.0,0_small,episode_2,Request Count,49
211,escape_room,InternVL3-14B-t0.0--InternVL3-14B-t0.0,0_small,episode_2,Violated Request Count,0
212,escape_room,InternVL3-14B-t0.0--InternVL3-14B-t0.0,0_small,episode_2,Parsed Request Count,49
213,escape_room,InternVL3-14B-t0.0--InternVL3-14B-t0.0,0_small,episode_2,Aborted,0
214,escape_room,InternVL3-14B-t0.0--InternVL3-14B-t0.0,0_small,episode_2,Success,0
215,escape_room,InternVL3-14B-t0.0--InternVL3-14B-t0.0,0_small,episode_2,Lose,1
216,escape_room,InternVL3-14B-t0.0--InternVL3-14B-t0.0,0_small,episode_2,Main Score,31.578947368421048
217,escape_room,InternVL3-14B-t0.0--InternVL3-14B-t0.0,0_small,episode_5,Request Count,65
218,escape_room,InternVL3-14B-t0.0--InternVL3-14B-t0.0,0_small,episode_5,Violated Request Count,0
219,escape_room,InternVL3-14B-t0.0--InternVL3-14B-t0.0,0_small,episode_5,Parsed Request Count,65
220,escape_room,InternVL3-14B-t0.0--InternVL3-14B-t0.0,0_small,episode_5,Aborted,0
221,escape_room,InternVL3-14B-t0.0--InternVL3-14B-t0.0,0_small,episode_5,Success,0
222,escape_room,InternVL3-14B-t0.0--InternVL3-14B-t0.0,0_small,episode_5,Lose,1
223,escape_room,InternVL3-14B-t0.0--InternVL3-14B-t0.0,0_small,episode_5,Main Score,0
224,escape_room,InternVL3-14B-t0.0--InternVL3-14B-t0.0,0_small,episode_9,Request Count,29
225,escape_room,InternVL3-14B-t0.0--InternVL3-14B-t0.0,0_small,episode_9,Violated Request Count,0
226,escape_room,InternVL3-14B-t0.0--InternVL3-14B-t0.0,0_small,episode_9,Parsed Request Count,29
227,escape_room,InternVL3-14B-t0.0--InternVL3-14B-t0.0,0_small,episode_9,Aborted,0
228,escape_room,InternVL3-14B-t0.0--InternVL3-14B-t0.0,0_small,episode_9,Success,1
229,escape_room,InternVL3-14B-t0.0--InternVL3-14B-t0.0,0_small,episode_9,Lose,0
230,escape_room,InternVL3-14B-t0.0--InternVL3-14B-t0.0,0_small,episode_9,Main Score,80.0
231,escape_room,InternVL3-14B-t0.0--InternVL3-14B-t0.0,0_small,episode_7,Request Count,16
232,escape_room,InternVL3-14B-t0.0--InternVL3-14B-t0.0,0_small,episode_7,Violated Request Count,0
233,escape_room,InternVL3-14B-t0.0--InternVL3-14B-t0.0,0_small,episode_7,Parsed Request Count,16
234,escape_room,InternVL3-14B-t0.0--InternVL3-14B-t0.0,0_small,episode_7,Aborted,0
235,escape_room,InternVL3-14B-t0.0--InternVL3-14B-t0.0,0_small,episode_7,Success,1
236,escape_room,InternVL3-14B-t0.0--InternVL3-14B-t0.0,0_small,episode_7,Lose,0
237,escape_room,InternVL3-14B-t0.0--InternVL3-14B-t0.0,0_small,episode_7,Main Score,100.0
238,escape_room,InternVL3-14B-t0.0--InternVL3-14B-t0.0,0_small,episode_1,Request Count,81
239,escape_room,InternVL3-14B-t0.0--InternVL3-14B-t0.0,0_small,episode_1,Violated Request Count,0
240,escape_room,InternVL3-14B-t0.0--InternVL3-14B-t0.0,0_small,episode_1,Parsed Request Count,81
241,escape_room,InternVL3-14B-t0.0--InternVL3-14B-t0.0,0_small,episode_1,Aborted,0
242,escape_room,InternVL3-14B-t0.0--InternVL3-14B-t0.0,0_small,episode_1,Success,0
243,escape_room,InternVL3-14B-t0.0--InternVL3-14B-t0.0,0_small,episode_1,Lose,1
244,escape_room,InternVL3-14B-t0.0--InternVL3-14B-t0.0,0_small,episode_1,Main Score,28.571428571428573
245,escape_room,InternVL3-14B-t0.0--InternVL3-14B-t0.0,0_small,episode_6,Request Count,65
246,escape_room,InternVL3-14B-t0.0--InternVL3-14B-t0.0,0_small,episode_6,Violated Request Count,0
247,escape_room,InternVL3-14B-t0.0--InternVL3-14B-t0.0,0_small,episode_6,Parsed Request Count,65
248,escape_room,InternVL3-14B-t0.0--InternVL3-14B-t0.0,0_small,episode_6,Aborted,0
249,escape_room,InternVL3-14B-t0.0--InternVL3-14B-t0.0,0_small,episode_6,Success,0
250,escape_room,InternVL3-14B-t0.0--InternVL3-14B-t0.0,0_small,episode_6,Lose,1
251,escape_room,InternVL3-14B-t0.0--InternVL3-14B-t0.0,0_small,episode_6,Main Score,0
252,escape_room,InternVL3-14B-t0.0--InternVL3-14B-t0.0,0_small,episode_0,Request Count,29
253,escape_room,InternVL3-14B-t0.0--InternVL3-14B-t0.0,0_small,episode_0,Violated Request Count,0
254,escape_room,InternVL3-14B-t0.0--InternVL3-14B-t0.0,0_small,episode_0,Parsed Request Count,29
255,escape_room,InternVL3-14B-t0.0--InternVL3-14B-t0.0,0_small,episode_0,Aborted,0
256,escape_room,InternVL3-14B-t0.0--InternVL3-14B-t0.0,0_small,episode_0,Success,1
257,escape_room,InternVL3-14B-t0.0--InternVL3-14B-t0.0,0_small,episode_0,Lose,0
258,escape_room,InternVL3-14B-t0.0--InternVL3-14B-t0.0,0_small,episode_0,Main Score,80.0
259,escape_room,InternVL3-14B-t0.0--InternVL3-14B-t0.0,1_medium,episode_4,Request Count,36
260,escape_room,InternVL3-14B-t0.0--InternVL3-14B-t0.0,1_medium,episode_4,Violated Request Count,0
261,escape_room,InternVL3-14B-t0.0--InternVL3-14B-t0.0,1_medium,episode_4,Parsed Request Count,36
262,escape_room,InternVL3-14B-t0.0--InternVL3-14B-t0.0,1_medium,episode_4,Aborted,0
263,escape_room,InternVL3-14B-t0.0--InternVL3-14B-t0.0,1_medium,episode_4,Success,1
264,escape_room,InternVL3-14B-t0.0--InternVL3-14B-t0.0,1_medium,episode_4,Lose,0
265,escape_room,InternVL3-14B-t0.0--InternVL3-14B-t0.0,1_medium,episode_4,Main Score,50.0
266,escape_room,InternVL3-14B-t0.0--InternVL3-14B-t0.0,1_medium,episode_3,Request Count,40
267,escape_room,InternVL3-14B-t0.0--InternVL3-14B-t0.0,1_medium,episode_3,Violated Request Count,0
268,escape_room,InternVL3-14B-t0.0--InternVL3-14B-t0.0,1_medium,episode_3,Parsed Request Count,40
269,escape_room,InternVL3-14B-t0.0--InternVL3-14B-t0.0,1_medium,episode_3,Aborted,0
270,escape_room,InternVL3-14B-t0.0--InternVL3-14B-t0.0,1_medium,episode_3,Success,0
271,escape_room,InternVL3-14B-t0.0--InternVL3-14B-t0.0,1_medium,episode_3,Lose,1
272,escape_room,InternVL3-14B-t0.0--InternVL3-14B-t0.0,1_medium,episode_3,Main Score,25.0
273,escape_room,InternVL3-14B-t0.0--InternVL3-14B-t0.0,1_medium,episode_8,Request Count,44
274,escape_room,InternVL3-14B-t0.0--InternVL3-14B-t0.0,1_medium,episode_8,Violated Request Count,0
275,escape_room,InternVL3-14B-t0.0--InternVL3-14B-t0.0,1_medium,episode_8,Parsed Request Count,44
276,escape_room,InternVL3-14B-t0.0--InternVL3-14B-t0.0,1_medium,episode_8,Aborted,0
277,escape_room,InternVL3-14B-t0.0--InternVL3-14B-t0.0,1_medium,episode_8,Success,0
278,escape_room,InternVL3-14B-t0.0--InternVL3-14B-t0.0,1_medium,episode_8,Lose,1
279,escape_room,InternVL3-14B-t0.0--InternVL3-14B-t0.0,1_medium,episode_8,Main Score,22.22222222222222
280,escape_room,InternVL3-14B-t0.0--InternVL3-14B-t0.0,1_medium,episode_2,Request Count,92
281,escape_room,InternVL3-14B-t0.0--InternVL3-14B-t0.0,1_medium,episode_2,Violated Request Count,0
282,escape_room,InternVL3-14B-t0.0--InternVL3-14B-t0.0,1_medium,episode_2,Parsed Request Count,92
283,escape_room,InternVL3-14B-t0.0--InternVL3-14B-t0.0,1_medium,episode_2,Aborted,0
284,escape_room,InternVL3-14B-t0.0--InternVL3-14B-t0.0,1_medium,episode_2,Success,0
285,escape_room,InternVL3-14B-t0.0--InternVL3-14B-t0.0,1_medium,episode_2,Lose,1
286,escape_room,InternVL3-14B-t0.0--InternVL3-14B-t0.0,1_medium,episode_2,Main Score,21.212121212121215
287,escape_room,InternVL3-14B-t0.0--InternVL3-14B-t0.0,1_medium,episode_5,Request Count,24
288,escape_room,InternVL3-14B-t0.0--InternVL3-14B-t0.0,1_medium,episode_5,Violated Request Count,0
289,escape_room,InternVL3-14B-t0.0--InternVL3-14B-t0.0,1_medium,episode_5,Parsed Request Count,24
290,escape_room,InternVL3-14B-t0.0--InternVL3-14B-t0.0,1_medium,episode_5,Aborted,0
291,escape_room,InternVL3-14B-t0.0--InternVL3-14B-t0.0,1_medium,episode_5,Success,1
292,escape_room,InternVL3-14B-t0.0--InternVL3-14B-t0.0,1_medium,episode_5,Lose,0
293,escape_room,InternVL3-14B-t0.0--InternVL3-14B-t0.0,1_medium,episode_5,Main Score,85.71428571428571
294,escape_room,InternVL3-14B-t0.0--InternVL3-14B-t0.0,1_medium,episode_9,Request Count,65
295,escape_room,InternVL3-14B-t0.0--InternVL3-14B-t0.0,1_medium,episode_9,Violated Request Count,0
296,escape_room,InternVL3-14B-t0.0--InternVL3-14B-t0.0,1_medium,episode_9,Parsed Request Count,65
297,escape_room,InternVL3-14B-t0.0--InternVL3-14B-t0.0,1_medium,episode_9,Aborted,0
298,escape_room,InternVL3-14B-t0.0--InternVL3-14B-t0.0,1_medium,episode_9,Success,0
299,escape_room,InternVL3-14B-t0.0--InternVL3-14B-t0.0,1_medium,episode_9,Lose,1
300,escape_room,InternVL3-14B-t0.0--InternVL3-14B-t0.0,1_medium,episode_9,Main Score,0
301,escape_room,InternVL3-14B-t0.0--InternVL3-14B-t0.0,1_medium,episode_7,Request Count,119
302,escape_room,InternVL3-14B-t0.0--InternVL3-14B-t0.0,1_medium,episode_7,Violated Request Count,0
303,escape_room,InternVL3-14B-t0.0--InternVL3-14B-t0.0,1_medium,episode_7,Parsed Request Count,119
304,escape_room,InternVL3-14B-t0.0--InternVL3-14B-t0.0,1_medium,episode_7,Aborted,0
305,escape_room,InternVL3-14B-t0.0--InternVL3-14B-t0.0,1_medium,episode_7,Success,0
306,escape_room,InternVL3-14B-t0.0--InternVL3-14B-t0.0,1_medium,episode_7,Lose,1
307,escape_room,InternVL3-14B-t0.0--InternVL3-14B-t0.0,1_medium,episode_7,Main Score,13.138686131386862
308,escape_room,InternVL3-14B-t0.0--InternVL3-14B-t0.0,1_medium,episode_1,Request Count,16
309,escape_room,InternVL3-14B-t0.0--InternVL3-14B-t0.0,1_medium,episode_1,Violated Request Count,0
310,escape_room,InternVL3-14B-t0.0--InternVL3-14B-t0.0,1_medium,episode_1,Parsed Request Count,16
311,escape_room,InternVL3-14B-t0.0--InternVL3-14B-t0.0,1_medium,episode_1,Aborted,0
312,escape_room,InternVL3-14B-t0.0--InternVL3-14B-t0.0,1_medium,episode_1,Success,1
313,escape_room,InternVL3-14B-t0.0--InternVL3-14B-t0.0,1_medium,episode_1,Lose,0
314,escape_room,InternVL3-14B-t0.0--InternVL3-14B-t0.0,1_medium,episode_1,Main Score,100.0
315,escape_room,InternVL3-14B-t0.0--InternVL3-14B-t0.0,1_medium,episode_6,Request Count,81
316,escape_room,InternVL3-14B-t0.0--InternVL3-14B-t0.0,1_medium,episode_6,Violated Request Count,0
317,escape_room,InternVL3-14B-t0.0--InternVL3-14B-t0.0,1_medium,episode_6,Parsed Request Count,81
318,escape_room,InternVL3-14B-t0.0--InternVL3-14B-t0.0,1_medium,episode_6,Aborted,0
319,escape_room,InternVL3-14B-t0.0--InternVL3-14B-t0.0,1_medium,episode_6,Success,0
320,escape_room,InternVL3-14B-t0.0--InternVL3-14B-t0.0,1_medium,episode_6,Lose,1
321,escape_room,InternVL3-14B-t0.0--InternVL3-14B-t0.0,1_medium,episode_6,Main Score,10.526315789473685
322,escape_room,InternVL3-14B-t0.0--InternVL3-14B-t0.0,1_medium,episode_0,Request Count,61
323,escape_room,InternVL3-14B-t0.0--InternVL3-14B-t0.0,1_medium,episode_0,Violated Request Count,0
324,escape_room,InternVL3-14B-t0.0--InternVL3-14B-t0.0,1_medium,episode_0,Parsed Request Count,61
325,escape_room,InternVL3-14B-t0.0--InternVL3-14B-t0.0,1_medium,episode_0,Aborted,0
326,escape_room,InternVL3-14B-t0.0--InternVL3-14B-t0.0,1_medium,episode_0,Success,0
327,escape_room,InternVL3-14B-t0.0--InternVL3-14B-t0.0,1_medium,episode_0,Lose,1
328,escape_room,InternVL3-14B-t0.0--InternVL3-14B-t0.0,1_medium,episode_0,Main Score,0
329,escape_room,InternVL3-14B-t0.0--InternVL3-14B-t0.0,10_near,episode_4,Request Count,105
330,escape_room,InternVL3-14B-t0.0--InternVL3-14B-t0.0,10_near,episode_4,Violated Request Count,0
331,escape_room,InternVL3-14B-t0.0--InternVL3-14B-t0.0,10_near,episode_4,Parsed Request Count,105
332,escape_room,InternVL3-14B-t0.0--InternVL3-14B-t0.0,10_near,episode_4,Aborted,0
333,escape_room,InternVL3-14B-t0.0--InternVL3-14B-t0.0,10_near,episode_4,Success,0
334,escape_room,InternVL3-14B-t0.0--InternVL3-14B-t0.0,10_near,episode_4,Lose,1
335,escape_room,InternVL3-14B-t0.0--InternVL3-14B-t0.0,10_near,episode_4,Main Score,8.0
336,escape_room,InternVL3-14B-t0.0--InternVL3-14B-t0.0,10_near,episode_3,Request Count,81
337,escape_room,InternVL3-14B-t0.0--InternVL3-14B-t0.0,10_near,episode_3,Violated Request Count,0
338,escape_room,InternVL3-14B-t0.0--InternVL3-14B-t0.0,10_near,episode_3,Parsed Request Count,81
339,escape_room,InternVL3-14B-t0.0--InternVL3-14B-t0.0,10_near,episode_3,Aborted,0
340,escape_room,InternVL3-14B-t0.0--InternVL3-14B-t0.0,10_near,episode_3,Success,0
341,escape_room,InternVL3-14B-t0.0--InternVL3-14B-t0.0,10_near,episode_3,Lose,1
342,escape_room,InternVL3-14B-t0.0--InternVL3-14B-t0.0,10_near,episode_3,Main Score,30.434782608695652
343,escape_room,InternVL3-14B-t0.0--InternVL3-14B-t0.0,10_near,episode_8,Request Count,65
344,escape_room,InternVL3-14B-t0.0--InternVL3-14B-t0.0,10_near,episode_8,Violated Request Count,0
345,escape_room,InternVL3-14B-t0.0--InternVL3-14B-t0.0,10_near,episode_8,Parsed Request Count,65
346,escape_room,InternVL3-14B-t0.0--InternVL3-14B-t0.0,10_near,episode_8,Aborted,0
347,escape_room,InternVL3-14B-t0.0--InternVL3-14B-t0.0,10_near,episode_8,Success,0
348,escape_room,InternVL3-14B-t0.0--InternVL3-14B-t0.0,10_near,episode_8,Lose,1
349,escape_room,InternVL3-14B-t0.0--InternVL3-14B-t0.0,10_near,episode_8,Main Score,0
350,escape_room,InternVL3-14B-t0.0--InternVL3-14B-t0.0,10_near,episode_2,Request Count,68
351,escape_room,InternVL3-14B-t0.0--InternVL3-14B-t0.0,10_near,episode_2,Violated Request Count,0
352,escape_room,InternVL3-14B-t0.0--InternVL3-14B-t0.0,10_near,episode_2,Parsed Request Count,68
353,escape_room,InternVL3-14B-t0.0--InternVL3-14B-t0.0,10_near,episode_2,Aborted,0
354,escape_room,InternVL3-14B-t0.0--InternVL3-14B-t0.0,10_near,episode_2,Success,0
355,escape_room,InternVL3-14B-t0.0--InternVL3-14B-t0.0,10_near,episode_2,Lose,1
356,escape_room,InternVL3-14B-t0.0--InternVL3-14B-t0.0,10_near,episode_2,Main Score,0
357,escape_room,InternVL3-14B-t0.0--InternVL3-14B-t0.0,10_near,episode_5,Request Count,65
358,escape_room,InternVL3-14B-t0.0--InternVL3-14B-t0.0,10_near,episode_5,Violated Request Count,0
359,escape_room,InternVL3-14B-t0.0--InternVL3-14B-t0.0,10_near,episode_5,Parsed Request Count,65
360,escape_room,InternVL3-14B-t0.0--InternVL3-14B-t0.0,10_near,episode_5,Aborted,0
361,escape_room,InternVL3-14B-t0.0--InternVL3-14B-t0.0,10_near,episode_5,Success,0
362,escape_room,InternVL3-14B-t0.0--InternVL3-14B-t0.0,10_near,episode_5,Lose,1
363,escape_room,InternVL3-14B-t0.0--InternVL3-14B-t0.0,10_near,episode_5,Main Score,0
364,escape_room,InternVL3-14B-t0.0--InternVL3-14B-t0.0,10_near,episode_9,Request Count,61
365,escape_room,InternVL3-14B-t0.0--InternVL3-14B-t0.0,10_near,episode_9,Violated Request Count,0
366,escape_room,InternVL3-14B-t0.0--InternVL3-14B-t0.0,10_near,episode_9,Parsed Request Count,61
367,escape_room,InternVL3-14B-t0.0--InternVL3-14B-t0.0,10_near,episode_9,Aborted,0
368,escape_room,InternVL3-14B-t0.0--InternVL3-14B-t0.0,10_near,episode_9,Success,0
369,escape_room,InternVL3-14B-t0.0--InternVL3-14B-t0.0,10_near,episode_9,Lose,1
370,escape_room,InternVL3-14B-t0.0--InternVL3-14B-t0.0,10_near,episode_9,Main Score,0
371,escape_room,InternVL3-14B-t0.0--InternVL3-14B-t0.0,10_near,episode_7,Request Count,65
372,escape_room,InternVL3-14B-t0.0--InternVL3-14B-t0.0,10_near,episode_7,Violated Request Count,0
373,escape_room,InternVL3-14B-t0.0--InternVL3-14B-t0.0,10_near,episode_7,Parsed Request Count,65
374,escape_room,InternVL3-14B-t0.0--InternVL3-14B-t0.0,10_near,episode_7,Aborted,0
375,escape_room,InternVL3-14B-t0.0--InternVL3-14B-t0.0,10_near,episode_7,Success,0
376,escape_room,InternVL3-14B-t0.0--InternVL3-14B-t0.0,10_near,episode_7,Lose,1
377,escape_room,InternVL3-14B-t0.0--InternVL3-14B-t0.0,10_near,episode_7,Main Score,0
378,escape_room,InternVL3-14B-t0.0--InternVL3-14B-t0.0,10_near,episode_1,Request Count,93
379,escape_room,InternVL3-14B-t0.0--InternVL3-14B-t0.0,10_near,episode_1,Violated Request Count,0
380,escape_room,InternVL3-14B-t0.0--InternVL3-14B-t0.0,10_near,episode_1,Parsed Request Count,93
381,escape_room,InternVL3-14B-t0.0--InternVL3-14B-t0.0,10_near,episode_1,Aborted,0
382,escape_room,InternVL3-14B-t0.0--InternVL3-14B-t0.0,10_near,episode_1,Success,0
383,escape_room,InternVL3-14B-t0.0--InternVL3-14B-t0.0,10_near,episode_1,Lose,1
384,escape_room,InternVL3-14B-t0.0--InternVL3-14B-t0.0,10_near,episode_1,Main Score,13.333333333333334
385,escape_room,InternVL3-14B-t0.0--InternVL3-14B-t0.0,10_near,episode_6,Request Count,40
386,escape_room,InternVL3-14B-t0.0--InternVL3-14B-t0.0,10_near,episode_6,Violated Request Count,0
387,escape_room,InternVL3-14B-t0.0--InternVL3-14B-t0.0,10_near,episode_6,Parsed Request Count,40
388,escape_room,InternVL3-14B-t0.0--InternVL3-14B-t0.0,10_near,episode_6,Aborted,0
389,escape_room,InternVL3-14B-t0.0--InternVL3-14B-t0.0,10_near,episode_6,Success,0
390,escape_room,InternVL3-14B-t0.0--InternVL3-14B-t0.0,10_near,episode_6,Lose,1
391,escape_room,InternVL3-14B-t0.0--InternVL3-14B-t0.0,10_near,episode_6,Main Score,0
392,escape_room,InternVL3-14B-t0.0--InternVL3-14B-t0.0,10_near,episode_0,Request Count,61
393,escape_room,InternVL3-14B-t0.0--InternVL3-14B-t0.0,10_near,episode_0,Violated Request Count,0
394,escape_room,InternVL3-14B-t0.0--InternVL3-14B-t0.0,10_near,episode_0,Parsed Request Count,61
395,escape_room,InternVL3-14B-t0.0--InternVL3-14B-t0.0,10_near,episode_0,Aborted,0
396,escape_room,InternVL3-14B-t0.0--InternVL3-14B-t0.0,10_near,episode_0,Success,0
397,escape_room,InternVL3-14B-t0.0--InternVL3-14B-t0.0,10_near,episode_0,Lose,1
398,escape_room,InternVL3-14B-t0.0--InternVL3-14B-t0.0,10_near,episode_0,Main Score,0
399,escape_room,InternVL3-14B-t0.0--InternVL3-14B-t0.0,6_path,episode_4,Request Count,20
400,escape_room,InternVL3-14B-t0.0--InternVL3-14B-t0.0,6_path,episode_4,Violated Request Count,0
401,escape_room,InternVL3-14B-t0.0--InternVL3-14B-t0.0,6_path,episode_4,Parsed Request Count,20
402,escape_room,InternVL3-14B-t0.0--InternVL3-14B-t0.0,6_path,episode_4,Aborted,0
403,escape_room,InternVL3-14B-t0.0--InternVL3-14B-t0.0,6_path,episode_4,Success,1
404,escape_room,InternVL3-14B-t0.0--InternVL3-14B-t0.0,6_path,episode_4,Lose,0
405,escape_room,InternVL3-14B-t0.0--InternVL3-14B-t0.0,6_path,episode_4,Main Score,100.0
406,escape_room,InternVL3-14B-t0.0--InternVL3-14B-t0.0,6_path,episode_3,Request Count,16
407,escape_room,InternVL3-14B-t0.0--InternVL3-14B-t0.0,6_path,episode_3,Violated Request Count,0
408,escape_room,InternVL3-14B-t0.0--InternVL3-14B-t0.0,6_path,episode_3,Parsed Request Count,16
409,escape_room,InternVL3-14B-t0.0--InternVL3-14B-t0.0,6_path,episode_3,Aborted,0
410,escape_room,InternVL3-14B-t0.0--InternVL3-14B-t0.0,6_path,episode_3,Success,1
411,escape_room,InternVL3-14B-t0.0--InternVL3-14B-t0.0,6_path,episode_3,Lose,0
412,escape_room,InternVL3-14B-t0.0--InternVL3-14B-t0.0,6_path,episode_3,Main Score,100.0
413,escape_room,InternVL3-14B-t0.0--InternVL3-14B-t0.0,6_path,episode_8,Request Count,65
414,escape_room,InternVL3-14B-t0.0--InternVL3-14B-t0.0,6_path,episode_8,Violated Request Count,0
415,escape_room,InternVL3-14B-t0.0--InternVL3-14B-t0.0,6_path,episode_8,Parsed Request Count,65
416,escape_room,InternVL3-14B-t0.0--InternVL3-14B-t0.0,6_path,episode_8,Aborted,0
417,escape_room,InternVL3-14B-t0.0--InternVL3-14B-t0.0,6_path,episode_8,Success,0
418,escape_room,InternVL3-14B-t0.0--InternVL3-14B-t0.0,6_path,episode_8,Lose,1
419,escape_room,InternVL3-14B-t0.0--InternVL3-14B-t0.0,6_path,episode_8,Main Score,0
420,escape_room,InternVL3-14B-t0.0--InternVL3-14B-t0.0,6_path,episode_2,Request Count,202
421,escape_room,InternVL3-14B-t0.0--InternVL3-14B-t0.0,6_path,episode_2,Violated Request Count,0
422,escape_room,InternVL3-14B-t0.0--InternVL3-14B-t0.0,6_path,episode_2,Parsed Request Count,202
423,escape_room,InternVL3-14B-t0.0--InternVL3-14B-t0.0,6_path,episode_2,Aborted,0
424,escape_room,InternVL3-14B-t0.0--InternVL3-14B-t0.0,6_path,episode_2,Success,0
425,escape_room,InternVL3-14B-t0.0--InternVL3-14B-t0.0,6_path,episode_2,Lose,1
426,escape_room,InternVL3-14B-t0.0--InternVL3-14B-t0.0,6_path,episode_2,Main Score,5.291005291005292
427,escape_room,InternVL3-14B-t0.0--InternVL3-14B-t0.0,6_path,episode_5,Request Count,77
428,escape_room,InternVL3-14B-t0.0--InternVL3-14B-t0.0,6_path,episode_5,Violated Request Count,0
429,escape_room,InternVL3-14B-t0.0--InternVL3-14B-t0.0,6_path,episode_5,Parsed Request Count,77
430,escape_room,InternVL3-14B-t0.0--InternVL3-14B-t0.0,6_path,episode_5,Aborted,0
431,escape_room,InternVL3-14B-t0.0--InternVL3-14B-t0.0,6_path,episode_5,Success,0
432,escape_room,InternVL3-14B-t0.0--InternVL3-14B-t0.0,6_path,episode_5,Lose,1
433,escape_room,InternVL3-14B-t0.0--InternVL3-14B-t0.0,6_path,episode_5,Main Score,11.11111111111111
434,escape_room,InternVL3-14B-t0.0--InternVL3-14B-t0.0,6_path,episode_9,Request Count,16
435,escape_room,InternVL3-14B-t0.0--InternVL3-14B-t0.0,6_path,episode_9,Violated Request Count,0
436,escape_room,InternVL3-14B-t0.0--InternVL3-14B-t0.0,6_path,episode_9,Parsed Request Count,16
437,escape_room,InternVL3-14B-t0.0--InternVL3-14B-t0.0,6_path,episode_9,Aborted,0
438,escape_room,InternVL3-14B-t0.0--InternVL3-14B-t0.0,6_path,episode_9,Success,1
439,escape_room,InternVL3-14B-t0.0--InternVL3-14B-t0.0,6_path,episode_9,Lose,0
440,escape_room,InternVL3-14B-t0.0--InternVL3-14B-t0.0,6_path,episode_9,Main Score,100.0
441,escape_room,InternVL3-14B-t0.0--InternVL3-14B-t0.0,6_path,episode_7,Request Count,62
442,escape_room,InternVL3-14B-t0.0--InternVL3-14B-t0.0,6_path,episode_7,Violated Request Count,0
443,escape_room,InternVL3-14B-t0.0--InternVL3-14B-t0.0,6_path,episode_7,Parsed Request Count,62
444,escape_room,InternVL3-14B-t0.0--InternVL3-14B-t0.0,6_path,episode_7,Aborted,0
445,escape_room,InternVL3-14B-t0.0--InternVL3-14B-t0.0,6_path,episode_7,Success,0
446,escape_room,InternVL3-14B-t0.0--InternVL3-14B-t0.0,6_path,episode_7,Lose,1
447,escape_room,InternVL3-14B-t0.0--InternVL3-14B-t0.0,6_path,episode_7,Main Score,30.188679245283016
448,escape_room,InternVL3-14B-t0.0--InternVL3-14B-t0.0,6_path,episode_1,Request Count,24
449,escape_room,InternVL3-14B-t0.0--InternVL3-14B-t0.0,6_path,episode_1,Violated Request Count,0
450,escape_room,InternVL3-14B-t0.0--InternVL3-14B-t0.0,6_path,episode_1,Parsed Request Count,24
451,escape_room,InternVL3-14B-t0.0--InternVL3-14B-t0.0,6_path,episode_1,Aborted,0
452,escape_room,InternVL3-14B-t0.0--InternVL3-14B-t0.0,6_path,episode_1,Success,1
453,escape_room,InternVL3-14B-t0.0--InternVL3-14B-t0.0,6_path,episode_1,Lose,0
454,escape_room,InternVL3-14B-t0.0--InternVL3-14B-t0.0,6_path,episode_1,Main Score,66.66666666666667
455,escape_room,InternVL3-14B-t0.0--InternVL3-14B-t0.0,6_path,episode_6,Request Count,85
456,escape_room,InternVL3-14B-t0.0--InternVL3-14B-t0.0,6_path,episode_6,Violated Request Count,0
457,escape_room,InternVL3-14B-t0.0--InternVL3-14B-t0.0,6_path,episode_6,Parsed Request Count,85
458,escape_room,InternVL3-14B-t0.0--InternVL3-14B-t0.0,6_path,episode_6,Aborted,0
459,escape_room,InternVL3-14B-t0.0--InternVL3-14B-t0.0,6_path,episode_6,Success,0
460,escape_room,InternVL3-14B-t0.0--InternVL3-14B-t0.0,6_path,episode_6,Lose,1
461,escape_room,InternVL3-14B-t0.0--InternVL3-14B-t0.0,6_path,episode_6,Main Score,10.000000000000002
462,escape_room,InternVL3-14B-t0.0--InternVL3-14B-t0.0,6_path,episode_0,Request Count,16
463,escape_room,InternVL3-14B-t0.0--InternVL3-14B-t0.0,6_path,episode_0,Violated Request Count,0
464,escape_room,InternVL3-14B-t0.0--InternVL3-14B-t0.0,6_path,episode_0,Parsed Request Count,16
465,escape_room,InternVL3-14B-t0.0--InternVL3-14B-t0.0,6_path,episode_0,Aborted,0
466,escape_room,InternVL3-14B-t0.0--InternVL3-14B-t0.0,6_path,episode_0,Success,1
467,escape_room,InternVL3-14B-t0.0--InternVL3-14B-t0.0,6_path,episode_0,Lose,0
468,escape_room,InternVL3-14B-t0.0--InternVL3-14B-t0.0,6_path,episode_0,Main Score,100.0
469,escape_room,InternVL3-14B-t0.0--InternVL3-14B-t0.0,3_low_ambiguity,episode_4,Request Count,20
470,escape_room,InternVL3-14B-t0.0--InternVL3-14B-t0.0,3_low_ambiguity,episode_4,Violated Request Count,0
471,escape_room,InternVL3-14B-t0.0--InternVL3-14B-t0.0,3_low_ambiguity,episode_4,Parsed Request Count,20
472,escape_room,InternVL3-14B-t0.0--InternVL3-14B-t0.0,3_low_ambiguity,episode_4,Aborted,0
473,escape_room,InternVL3-14B-t0.0--InternVL3-14B-t0.0,3_low_ambiguity,episode_4,Success,1
474,escape_room,InternVL3-14B-t0.0--InternVL3-14B-t0.0,3_low_ambiguity,episode_4,Lose,0
475,escape_room,InternVL3-14B-t0.0--InternVL3-14B-t0.0,3_low_ambiguity,episode_4,Main Score,100.0
476,escape_room,InternVL3-14B-t0.0--InternVL3-14B-t0.0,3_low_ambiguity,episode_3,Request Count,99
477,escape_room,InternVL3-14B-t0.0--InternVL3-14B-t0.0,3_low_ambiguity,episode_3,Violated Request Count,0
478,escape_room,InternVL3-14B-t0.0--InternVL3-14B-t0.0,3_low_ambiguity,episode_3,Parsed Request Count,99
479,escape_room,InternVL3-14B-t0.0--InternVL3-14B-t0.0,3_low_ambiguity,episode_3,Aborted,0
480,escape_room,InternVL3-14B-t0.0--InternVL3-14B-t0.0,3_low_ambiguity,episode_3,Success,1
481,escape_room,InternVL3-14B-t0.0--InternVL3-14B-t0.0,3_low_ambiguity,episode_3,Lose,0
482,escape_room,InternVL3-14B-t0.0--InternVL3-14B-t0.0,3_low_ambiguity,episode_3,Main Score,13.592233009708739
483,escape_room,InternVL3-14B-t0.0--InternVL3-14B-t0.0,3_low_ambiguity,episode_8,Request Count,52
484,escape_room,InternVL3-14B-t0.0--InternVL3-14B-t0.0,3_low_ambiguity,episode_8,Violated Request Count,0
485,escape_room,InternVL3-14B-t0.0--InternVL3-14B-t0.0,3_low_ambiguity,episode_8,Parsed Request Count,52
486,escape_room,InternVL3-14B-t0.0--InternVL3-14B-t0.0,3_low_ambiguity,episode_8,Aborted,0
487,escape_room,InternVL3-14B-t0.0--InternVL3-14B-t0.0,3_low_ambiguity,episode_8,Success,0
488,escape_room,InternVL3-14B-t0.0--InternVL3-14B-t0.0,3_low_ambiguity,episode_8,Lose,1
489,escape_room,InternVL3-14B-t0.0--InternVL3-14B-t0.0,3_low_ambiguity,episode_8,Main Score,25.0
490,escape_room,InternVL3-14B-t0.0--InternVL3-14B-t0.0,3_low_ambiguity,episode_2,Request Count,61
491,escape_room,InternVL3-14B-t0.0--InternVL3-14B-t0.0,3_low_ambiguity,episode_2,Violated Request Count,0
492,escape_room,InternVL3-14B-t0.0--InternVL3-14B-t0.0,3_low_ambiguity,episode_2,Parsed Request Count,61
493,escape_room,InternVL3-14B-t0.0--InternVL3-14B-t0.0,3_low_ambiguity,episode_2,Aborted,0
494,escape_room,InternVL3-14B-t0.0--InternVL3-14B-t0.0,3_low_ambiguity,episode_2,Success,0
495,escape_room,InternVL3-14B-t0.0--InternVL3-14B-t0.0,3_low_ambiguity,episode_2,Lose,1
496,escape_room,InternVL3-14B-t0.0--InternVL3-14B-t0.0,3_low_ambiguity,episode_2,Main Score,0
497,escape_room,InternVL3-14B-t0.0--InternVL3-14B-t0.0,3_low_ambiguity,episode_5,Request Count,24
498,escape_room,InternVL3-14B-t0.0--InternVL3-14B-t0.0,3_low_ambiguity,episode_5,Violated Request Count,0
499,escape_room,InternVL3-14B-t0.0--InternVL3-14B-t0.0,3_low_ambiguity,episode_5,Parsed Request Count,24
500,escape_room,InternVL3-14B-t0.0--InternVL3-14B-t0.0,3_low_ambiguity,episode_5,Aborted,0
501,escape_room,InternVL3-14B-t0.0--InternVL3-14B-t0.0,3_low_ambiguity,episode_5,Success,0
502,escape_room,InternVL3-14B-t0.0--InternVL3-14B-t0.0,3_low_ambiguity,episode_5,Lose,1
503,escape_room,InternVL3-14B-t0.0--InternVL3-14B-t0.0,3_low_ambiguity,episode_5,Main Score,0
504,escape_room,InternVL3-14B-t0.0--InternVL3-14B-t0.0,3_low_ambiguity,episode_9,Request Count,16
505,escape_room,InternVL3-14B-t0.0--InternVL3-14B-t0.0,3_low_ambiguity,episode_9,Violated Request Count,0
506,escape_room,InternVL3-14B-t0.0--InternVL3-14B-t0.0,3_low_ambiguity,episode_9,Parsed Request Count,16
507,escape_room,InternVL3-14B-t0.0--InternVL3-14B-t0.0,3_low_ambiguity,episode_9,Aborted,0
508,escape_room,InternVL3-14B-t0.0--InternVL3-14B-t0.0,3_low_ambiguity,episode_9,Success,1
509,escape_room,InternVL3-14B-t0.0--InternVL3-14B-t0.0,3_low_ambiguity,episode_9,Lose,0
510,escape_room,InternVL3-14B-t0.0--InternVL3-14B-t0.0,3_low_ambiguity,episode_9,Main Score,100.0
511,escape_room,InternVL3-14B-t0.0--InternVL3-14B-t0.0,3_low_ambiguity,episode_7,Request Count,115
512,escape_room,InternVL3-14B-t0.0--InternVL3-14B-t0.0,3_low_ambiguity,episode_7,Violated Request Count,0
513,escape_room,InternVL3-14B-t0.0--InternVL3-14B-t0.0,3_low_ambiguity,episode_7,Parsed Request Count,115
514,escape_room,InternVL3-14B-t0.0--InternVL3-14B-t0.0,3_low_ambiguity,episode_7,Aborted,0
515,escape_room,InternVL3-14B-t0.0--InternVL3-14B-t0.0,3_low_ambiguity,episode_7,Success,0
516,escape_room,InternVL3-14B-t0.0--InternVL3-14B-t0.0,3_low_ambiguity,episode_7,Lose,1
517,escape_room,InternVL3-14B-t0.0--InternVL3-14B-t0.0,3_low_ambiguity,episode_7,Main Score,13.793103448275863
518,escape_room,InternVL3-14B-t0.0--InternVL3-14B-t0.0,3_low_ambiguity,episode_1,Request Count,36
519,escape_room,InternVL3-14B-t0.0--InternVL3-14B-t0.0,3_low_ambiguity,episode_1,Violated Request Count,0
520,escape_room,InternVL3-14B-t0.0--InternVL3-14B-t0.0,3_low_ambiguity,episode_1,Parsed Request Count,36
521,escape_room,InternVL3-14B-t0.0--InternVL3-14B-t0.0,3_low_ambiguity,episode_1,Aborted,0
522,escape_room,InternVL3-14B-t0.0--InternVL3-14B-t0.0,3_low_ambiguity,episode_1,Success,1
523,escape_room,InternVL3-14B-t0.0--InternVL3-14B-t0.0,3_low_ambiguity,episode_1,Lose,0
524,escape_room,InternVL3-14B-t0.0--InternVL3-14B-t0.0,3_low_ambiguity,episode_1,Main Score,50.0
525,escape_room,InternVL3-14B-t0.0--InternVL3-14B-t0.0,3_low_ambiguity,episode_0,Request Count,65
526,escape_room,InternVL3-14B-t0.0--InternVL3-14B-t0.0,3_low_ambiguity,episode_0,Violated Request Count,0
527,escape_room,InternVL3-14B-t0.0--InternVL3-14B-t0.0,3_low_ambiguity,episode_0,Parsed Request Count,65
528,escape_room,InternVL3-14B-t0.0--InternVL3-14B-t0.0,3_low_ambiguity,episode_0,Aborted,0
529,escape_room,InternVL3-14B-t0.0--InternVL3-14B-t0.0,3_low_ambiguity,episode_0,Success,0
530,escape_room,InternVL3-14B-t0.0--InternVL3-14B-t0.0,3_low_ambiguity,episode_0,Lose,1
531,escape_room,InternVL3-14B-t0.0--InternVL3-14B-t0.0,3_low_ambiguity,episode_0,Main Score,13.333333333333334
532,escape_room,InternVL3-14B-t0.0--InternVL3-14B-t0.0,2_large,episode_4,Request Count,24
533,escape_room,InternVL3-14B-t0.0--InternVL3-14B-t0.0,2_large,episode_4,Violated Request Count,0
534,escape_room,InternVL3-14B-t0.0--InternVL3-14B-t0.0,2_large,episode_4,Parsed Request Count,24
535,escape_room,InternVL3-14B-t0.0--InternVL3-14B-t0.0,2_large,episode_4,Aborted,0
536,escape_room,InternVL3-14B-t0.0--InternVL3-14B-t0.0,2_large,episode_4,Success,1
537,escape_room,InternVL3-14B-t0.0--InternVL3-14B-t0.0,2_large,episode_4,Lose,0
538,escape_room,InternVL3-14B-t0.0--InternVL3-14B-t0.0,2_large,episode_4,Main Score,66.66666666666667
539,escape_room,InternVL3-14B-t0.0--InternVL3-14B-t0.0,2_large,episode_3,Request Count,67
540,escape_room,InternVL3-14B-t0.0--InternVL3-14B-t0.0,2_large,episode_3,Violated Request Count,0
541,escape_room,InternVL3-14B-t0.0--InternVL3-14B-t0.0,2_large,episode_3,Parsed Request Count,67
542,escape_room,InternVL3-14B-t0.0--InternVL3-14B-t0.0,2_large,episode_3,Aborted,0
543,escape_room,InternVL3-14B-t0.0--InternVL3-14B-t0.0,2_large,episode_3,Success,0
544,escape_room,InternVL3-14B-t0.0--InternVL3-14B-t0.0,2_large,episode_3,Lose,1
545,escape_room,InternVL3-14B-t0.0--InternVL3-14B-t0.0,2_large,episode_3,Main Score,0
546,escape_room,InternVL3-14B-t0.0--InternVL3-14B-t0.0,2_large,episode_8,Request Count,77
547,escape_room,InternVL3-14B-t0.0--InternVL3-14B-t0.0,2_large,episode_8,Violated Request Count,0
548,escape_room,InternVL3-14B-t0.0--InternVL3-14B-t0.0,2_large,episode_8,Parsed Request Count,77
549,escape_room,InternVL3-14B-t0.0--InternVL3-14B-t0.0,2_large,episode_8,Aborted,0
550,escape_room,InternVL3-14B-t0.0--InternVL3-14B-t0.0,2_large,episode_8,Success,0
551,escape_room,InternVL3-14B-t0.0--InternVL3-14B-t0.0,2_large,episode_8,Lose,1
552,escape_room,InternVL3-14B-t0.0--InternVL3-14B-t0.0,2_large,episode_8,Main Score,23.076923076923073
553,escape_room,InternVL3-14B-t0.0--InternVL3-14B-t0.0,2_large,episode_2,Request Count,32
554,escape_room,InternVL3-14B-t0.0--InternVL3-14B-t0.0,2_large,episode_2,Violated Request Count,0
555,escape_room,InternVL3-14B-t0.0--InternVL3-14B-t0.0,2_large,episode_2,Parsed Request Count,32
556,escape_room,InternVL3-14B-t0.0--InternVL3-14B-t0.0,2_large,episode_2,Aborted,0
557,escape_room,InternVL3-14B-t0.0--InternVL3-14B-t0.0,2_large,episode_2,Success,0
558,escape_room,InternVL3-14B-t0.0--InternVL3-14B-t0.0,2_large,episode_2,Lose,1
559,escape_room,InternVL3-14B-t0.0--InternVL3-14B-t0.0,2_large,episode_2,Main Score,33.333333333333336
560,escape_room,InternVL3-14B-t0.0--InternVL3-14B-t0.0,2_large,episode_5,Request Count,65
561,escape_room,InternVL3-14B-t0.0--InternVL3-14B-t0.0,2_large,episode_5,Violated Request Count,0
562,escape_room,InternVL3-14B-t0.0--InternVL3-14B-t0.0,2_large,episode_5,Parsed Request Count,65
563,escape_room,InternVL3-14B-t0.0--InternVL3-14B-t0.0,2_large,episode_5,Aborted,0
564,escape_room,InternVL3-14B-t0.0--InternVL3-14B-t0.0,2_large,episode_5,Success,0
565,escape_room,InternVL3-14B-t0.0--InternVL3-14B-t0.0,2_large,episode_5,Lose,1
566,escape_room,InternVL3-14B-t0.0--InternVL3-14B-t0.0,2_large,episode_5,Main Score,0
567,escape_room,InternVL3-14B-t0.0--InternVL3-14B-t0.0,2_large,episode_9,Request Count,65
568,escape_room,InternVL3-14B-t0.0--InternVL3-14B-t0.0,2_large,episode_9,Violated Request Count,0
569,escape_room,InternVL3-14B-t0.0--InternVL3-14B-t0.0,2_large,episode_9,Parsed Request Count,65
570,escape_room,InternVL3-14B-t0.0--InternVL3-14B-t0.0,2_large,episode_9,Aborted,0
571,escape_room,InternVL3-14B-t0.0--InternVL3-14B-t0.0,2_large,episode_9,Success,0
572,escape_room,InternVL3-14B-t0.0--InternVL3-14B-t0.0,2_large,episode_9,Lose,1
573,escape_room,InternVL3-14B-t0.0--InternVL3-14B-t0.0,2_large,episode_9,Main Score,0
574,escape_room,InternVL3-14B-t0.0--InternVL3-14B-t0.0,2_large,episode_7,Request Count,56
575,escape_room,InternVL3-14B-t0.0--InternVL3-14B-t0.0,2_large,episode_7,Violated Request Count,0
576,escape_room,InternVL3-14B-t0.0--InternVL3-14B-t0.0,2_large,episode_7,Parsed Request Count,56
577,escape_room,InternVL3-14B-t0.0--InternVL3-14B-t0.0,2_large,episode_7,Aborted,0
578,escape_room,InternVL3-14B-t0.0--InternVL3-14B-t0.0,2_large,episode_7,Success,0
579,escape_room,InternVL3-14B-t0.0--InternVL3-14B-t0.0,2_large,episode_7,Lose,1
580,escape_room,InternVL3-14B-t0.0--InternVL3-14B-t0.0,2_large,episode_7,Main Score,25.0
581,escape_room,InternVL3-14B-t0.0--InternVL3-14B-t0.0,2_large,episode_1,Request Count,24
582,escape_room,InternVL3-14B-t0.0--InternVL3-14B-t0.0,2_large,episode_1,Violated Request Count,0
583,escape_room,InternVL3-14B-t0.0--InternVL3-14B-t0.0,2_large,episode_1,Parsed Request Count,24
584,escape_room,InternVL3-14B-t0.0--InternVL3-14B-t0.0,2_large,episode_1,Aborted,0
585,escape_room,InternVL3-14B-t0.0--InternVL3-14B-t0.0,2_large,episode_1,Success,0
586,escape_room,InternVL3-14B-t0.0--InternVL3-14B-t0.0,2_large,episode_1,Lose,1
587,escape_room,InternVL3-14B-t0.0--InternVL3-14B-t0.0,2_large,episode_1,Main Score,0
588,escape_room,InternVL3-14B-t0.0--InternVL3-14B-t0.0,2_large,episode_0,Request Count,24
589,escape_room,InternVL3-14B-t0.0--InternVL3-14B-t0.0,2_large,episode_0,Violated Request Count,0
590,escape_room,InternVL3-14B-t0.0--InternVL3-14B-t0.0,2_large,episode_0,Parsed Request Count,24
591,escape_room,InternVL3-14B-t0.0--InternVL3-14B-t0.0,2_large,episode_0,Aborted,0
592,escape_room,InternVL3-14B-t0.0--InternVL3-14B-t0.0,2_large,episode_0,Success,1
593,escape_room,InternVL3-14B-t0.0--InternVL3-14B-t0.0,2_large,episode_0,Lose,0
594,escape_room,InternVL3-14B-t0.0--InternVL3-14B-t0.0,2_large,episode_0,Main Score,66.66666666666667
595,escape_room,InternVL3-14B-t0.0--InternVL3-14B-t0.0,9_tree,episode_4,Request Count,50
596,escape_room,InternVL3-14B-t0.0--InternVL3-14B-t0.0,9_tree,episode_4,Violated Request Count,0
597,escape_room,InternVL3-14B-t0.0--InternVL3-14B-t0.0,9_tree,episode_4,Parsed Request Count,50
598,escape_room,InternVL3-14B-t0.0--InternVL3-14B-t0.0,9_tree,episode_4,Aborted,0
599,escape_room,InternVL3-14B-t0.0--InternVL3-14B-t0.0,9_tree,episode_4,Success,1
600,escape_room,InternVL3-14B-t0.0--InternVL3-14B-t0.0,9_tree,episode_4,Lose,0
601,escape_room,InternVL3-14B-t0.0--InternVL3-14B-t0.0,9_tree,episode_4,Main Score,85.71428571428571
602,escape_room,InternVL3-14B-t0.0--InternVL3-14B-t0.0,9_tree,episode_3,Request Count,65
603,escape_room,InternVL3-14B-t0.0--InternVL3-14B-t0.0,9_tree,episode_3,Violated Request Count,0
604,escape_room,InternVL3-14B-t0.0--InternVL3-14B-t0.0,9_tree,episode_3,Parsed Request Count,65
605,escape_room,InternVL3-14B-t0.0--InternVL3-14B-t0.0,9_tree,episode_3,Aborted,0
606,escape_room,InternVL3-14B-t0.0--InternVL3-14B-t0.0,9_tree,episode_3,Success,0
607,escape_room,InternVL3-14B-t0.0--InternVL3-14B-t0.0,9_tree,episode_3,Lose,1
608,escape_room,InternVL3-14B-t0.0--InternVL3-14B-t0.0,9_tree,episode_3,Main Score,0
609,escape_room,InternVL3-14B-t0.0--InternVL3-14B-t0.0,9_tree,episode_8,Request Count,62
610,escape_room,InternVL3-14B-t0.0--InternVL3-14B-t0.0,9_tree,episode_8,Violated Request Count,0
611,escape_room,InternVL3-14B-t0.0--InternVL3-14B-t0.0,9_tree,episode_8,Parsed Request Count,62
612,escape_room,InternVL3-14B-t0.0--InternVL3-14B-t0.0,9_tree,episode_8,Aborted,0
613,escape_room,InternVL3-14B-t0.0--InternVL3-14B-t0.0,9_tree,episode_8,Success,0
614,escape_room,InternVL3-14B-t0.0--InternVL3-14B-t0.0,9_tree,episode_8,Lose,1
615,escape_room,InternVL3-14B-t0.0--InternVL3-14B-t0.0,9_tree,episode_8,Main Score,0
616,escape_room,InternVL3-14B-t0.0--InternVL3-14B-t0.0,9_tree,episode_2,Request Count,16
617,escape_room,InternVL3-14B-t0.0--InternVL3-14B-t0.0,9_tree,episode_2,Violated Request Count,0
618,escape_room,InternVL3-14B-t0.0--InternVL3-14B-t0.0,9_tree,episode_2,Parsed Request Count,16
619,escape_room,InternVL3-14B-t0.0--InternVL3-14B-t0.0,9_tree,episode_2,Aborted,0
620,escape_room,InternVL3-14B-t0.0--InternVL3-14B-t0.0,9_tree,episode_2,Success,1
621,escape_room,InternVL3-14B-t0.0--InternVL3-14B-t0.0,9_tree,episode_2,Lose,0
622,escape_room,InternVL3-14B-t0.0--InternVL3-14B-t0.0,9_tree,episode_2,Main Score,100.0
623,escape_room,InternVL3-14B-t0.0--InternVL3-14B-t0.0,9_tree,episode_5,Request Count,62
624,escape_room,InternVL3-14B-t0.0--InternVL3-14B-t0.0,9_tree,episode_5,Violated Request Count,0
625,escape_room,InternVL3-14B-t0.0--InternVL3-14B-t0.0,9_tree,episode_5,Parsed Request Count,62
626,escape_room,InternVL3-14B-t0.0--InternVL3-14B-t0.0,9_tree,episode_5,Aborted,0
627,escape_room,InternVL3-14B-t0.0--InternVL3-14B-t0.0,9_tree,episode_5,Success,0
628,escape_room,InternVL3-14B-t0.0--InternVL3-14B-t0.0,9_tree,episode_5,Lose,1
629,escape_room,InternVL3-14B-t0.0--InternVL3-14B-t0.0,9_tree,episode_5,Main Score,0
630,escape_room,InternVL3-14B-t0.0--InternVL3-14B-t0.0,9_tree,episode_9,Request Count,65
631,escape_room,InternVL3-14B-t0.0--InternVL3-14B-t0.0,9_tree,episode_9,Violated Request Count,0
632,escape_room,InternVL3-14B-t0.0--InternVL3-14B-t0.0,9_tree,episode_9,Parsed Request Count,65
633,escape_room,InternVL3-14B-t0.0--InternVL3-14B-t0.0,9_tree,episode_9,Aborted,0
634,escape_room,InternVL3-14B-t0.0--InternVL3-14B-t0.0,9_tree,episode_9,Success,0
635,escape_room,InternVL3-14B-t0.0--InternVL3-14B-t0.0,9_tree,episode_9,Lose,1
636,escape_room,InternVL3-14B-t0.0--InternVL3-14B-t0.0,9_tree,episode_9,Main Score,0
637,escape_room,InternVL3-14B-t0.0--InternVL3-14B-t0.0,9_tree,episode_7,Request Count,16
638,escape_room,InternVL3-14B-t0.0--InternVL3-14B-t0.0,9_tree,episode_7,Violated Request Count,0
639,escape_room,InternVL3-14B-t0.0--InternVL3-14B-t0.0,9_tree,episode_7,Parsed Request Count,16
640,escape_room,InternVL3-14B-t0.0--InternVL3-14B-t0.0,9_tree,episode_7,Aborted,0
641,escape_room,InternVL3-14B-t0.0--InternVL3-14B-t0.0,9_tree,episode_7,Success,1
642,escape_room,InternVL3-14B-t0.0--InternVL3-14B-t0.0,9_tree,episode_7,Lose,0
643,escape_room,InternVL3-14B-t0.0--InternVL3-14B-t0.0,9_tree,episode_7,Main Score,100.0
644,escape_room,InternVL3-14B-t0.0--InternVL3-14B-t0.0,9_tree,episode_1,Request Count,16
645,escape_room,InternVL3-14B-t0.0--InternVL3-14B-t0.0,9_tree,episode_1,Violated Request Count,0
646,escape_room,InternVL3-14B-t0.0--InternVL3-14B-t0.0,9_tree,episode_1,Parsed Request Count,16
647,escape_room,InternVL3-14B-t0.0--InternVL3-14B-t0.0,9_tree,episode_1,Aborted,0
648,escape_room,InternVL3-14B-t0.0--InternVL3-14B-t0.0,9_tree,episode_1,Success,0
649,escape_room,InternVL3-14B-t0.0--InternVL3-14B-t0.0,9_tree,episode_1,Lose,1
650,escape_room,InternVL3-14B-t0.0--InternVL3-14B-t0.0,9_tree,episode_1,Main Score,0
651,escape_room,InternVL3-14B-t0.0--InternVL3-14B-t0.0,9_tree,episode_6,Request Count,62
652,escape_room,InternVL3-14B-t0.0--InternVL3-14B-t0.0,9_tree,episode_6,Violated Request Count,0
653,escape_room,InternVL3-14B-t0.0--InternVL3-14B-t0.0,9_tree,episode_6,Parsed Request Count,62
654,escape_room,InternVL3-14B-t0.0--InternVL3-14B-t0.0,9_tree,episode_6,Aborted,0
655,escape_room,InternVL3-14B-t0.0--InternVL3-14B-t0.0,9_tree,episode_6,Success,0
656,escape_room,InternVL3-14B-t0.0--InternVL3-14B-t0.0,9_tree,episode_6,Lose,1
657,escape_room,InternVL3-14B-t0.0--InternVL3-14B-t0.0,9_tree,episode_6,Main Score,0
658,escape_room,InternVL3-14B-t0.0--InternVL3-14B-t0.0,9_tree,episode_0,Request Count,61
659,escape_room,InternVL3-14B-t0.0--InternVL3-14B-t0.0,9_tree,episode_0,Violated Request Count,0
660,escape_room,InternVL3-14B-t0.0--InternVL3-14B-t0.0,9_tree,episode_0,Parsed Request Count,61
661,escape_room,InternVL3-14B-t0.0--InternVL3-14B-t0.0,9_tree,episode_0,Aborted,0
662,escape_room,InternVL3-14B-t0.0--InternVL3-14B-t0.0,9_tree,episode_0,Success,0
663,escape_room,InternVL3-14B-t0.0--InternVL3-14B-t0.0,9_tree,episode_0,Lose,1
664,escape_room,InternVL3-14B-t0.0--InternVL3-14B-t0.0,9_tree,episode_0,Main Score,0
665,escape_room,InternVL3-14B-t0.0--InternVL3-14B-t0.0,8_star,episode_4,Request Count,16
666,escape_room,InternVL3-14B-t0.0--InternVL3-14B-t0.0,8_star,episode_4,Violated Request Count,0
667,escape_room,InternVL3-14B-t0.0--InternVL3-14B-t0.0,8_star,episode_4,Parsed Request Count,16
668,escape_room,InternVL3-14B-t0.0--InternVL3-14B-t0.0,8_star,episode_4,Aborted,0
669,escape_room,InternVL3-14B-t0.0--InternVL3-14B-t0.0,8_star,episode_4,Success,1
670,escape_room,InternVL3-14B-t0.0--InternVL3-14B-t0.0,8_star,episode_4,Lose,0
671,escape_room,InternVL3-14B-t0.0--InternVL3-14B-t0.0,8_star,episode_4,Main Score,100.0
672,escape_room,InternVL3-14B-t0.0--InternVL3-14B-t0.0,8_star,episode_3,Request Count,24
673,escape_room,InternVL3-14B-t0.0--InternVL3-14B-t0.0,8_star,episode_3,Violated Request Count,0
674,escape_room,InternVL3-14B-t0.0--InternVL3-14B-t0.0,8_star,episode_3,Parsed Request Count,24
675,escape_room,InternVL3-14B-t0.0--InternVL3-14B-t0.0,8_star,episode_3,Aborted,0
676,escape_room,InternVL3-14B-t0.0--InternVL3-14B-t0.0,8_star,episode_3,Success,1
677,escape_room,InternVL3-14B-t0.0--InternVL3-14B-t0.0,8_star,episode_3,Lose,0
678,escape_room,InternVL3-14B-t0.0--InternVL3-14B-t0.0,8_star,episode_3,Main Score,85.71428571428571
679,escape_room,InternVL3-14B-t0.0--InternVL3-14B-t0.0,8_star,episode_2,Request Count,20
680,escape_room,InternVL3-14B-t0.0--InternVL3-14B-t0.0,8_star,episode_2,Violated Request Count,0
681,escape_room,InternVL3-14B-t0.0--InternVL3-14B-t0.0,8_star,episode_2,Parsed Request Count,20
682,escape_room,InternVL3-14B-t0.0--InternVL3-14B-t0.0,8_star,episode_2,Aborted,0
683,escape_room,InternVL3-14B-t0.0--InternVL3-14B-t0.0,8_star,episode_2,Success,1
684,escape_room,InternVL3-14B-t0.0--InternVL3-14B-t0.0,8_star,episode_2,Lose,0
685,escape_room,InternVL3-14B-t0.0--InternVL3-14B-t0.0,8_star,episode_2,Main Score,100.0
686,escape_room,InternVL3-14B-t0.0--InternVL3-14B-t0.0,8_star,episode_5,Request Count,28
687,escape_room,InternVL3-14B-t0.0--InternVL3-14B-t0.0,8_star,episode_5,Violated Request Count,0
688,escape_room,InternVL3-14B-t0.0--InternVL3-14B-t0.0,8_star,episode_5,Parsed Request Count,28
689,escape_room,InternVL3-14B-t0.0--InternVL3-14B-t0.0,8_star,episode_5,Aborted,0
690,escape_room,InternVL3-14B-t0.0--InternVL3-14B-t0.0,8_star,episode_5,Success,0
691,escape_room,InternVL3-14B-t0.0--InternVL3-14B-t0.0,8_star,episode_5,Lose,1
692,escape_room,InternVL3-14B-t0.0--InternVL3-14B-t0.0,8_star,episode_5,Main Score,40.0
693,escape_room,InternVL3-14B-t0.0--InternVL3-14B-t0.0,8_star,episode_9,Request Count,62
694,escape_room,InternVL3-14B-t0.0--InternVL3-14B-t0.0,8_star,episode_9,Violated Request Count,0
695,escape_room,InternVL3-14B-t0.0--InternVL3-14B-t0.0,8_star,episode_9,Parsed Request Count,62
696,escape_room,InternVL3-14B-t0.0--InternVL3-14B-t0.0,8_star,episode_9,Aborted,0
697,escape_room,InternVL3-14B-t0.0--InternVL3-14B-t0.0,8_star,episode_9,Success,0
698,escape_room,InternVL3-14B-t0.0--InternVL3-14B-t0.0,8_star,episode_9,Lose,1
699,escape_room,InternVL3-14B-t0.0--InternVL3-14B-t0.0,8_star,episode_9,Main Score,0
700,escape_room,InternVL3-14B-t0.0--InternVL3-14B-t0.0,8_star,episode_7,Request Count,29
701,escape_room,InternVL3-14B-t0.0--InternVL3-14B-t0.0,8_star,episode_7,Violated Request Count,0
702,escape_room,InternVL3-14B-t0.0--InternVL3-14B-t0.0,8_star,episode_7,Parsed Request Count,29
703,escape_room,InternVL3-14B-t0.0--InternVL3-14B-t0.0,8_star,episode_7,Aborted,0
704,escape_room,InternVL3-14B-t0.0--InternVL3-14B-t0.0,8_star,episode_7,Success,1
705,escape_room,InternVL3-14B-t0.0--InternVL3-14B-t0.0,8_star,episode_7,Lose,0
706,escape_room,InternVL3-14B-t0.0--InternVL3-14B-t0.0,8_star,episode_7,Main Score,80.0
707,escape_room,InternVL3-14B-t0.0--InternVL3-14B-t0.0,8_star,episode_1,Request Count,62
708,escape_room,InternVL3-14B-t0.0--InternVL3-14B-t0.0,8_star,episode_1,Violated Request Count,0
709,escape_room,InternVL3-14B-t0.0--InternVL3-14B-t0.0,8_star,episode_1,Parsed Request Count,62
710,escape_room,InternVL3-14B-t0.0--InternVL3-14B-t0.0,8_star,episode_1,Aborted,0
711,escape_room,InternVL3-14B-t0.0--InternVL3-14B-t0.0,8_star,episode_1,Success,0
712,escape_room,InternVL3-14B-t0.0--InternVL3-14B-t0.0,8_star,episode_1,Lose,1
713,escape_room,InternVL3-14B-t0.0--InternVL3-14B-t0.0,8_star,episode_1,Main Score,0
714,escape_room,InternVL3-14B-t0.0--InternVL3-14B-t0.0,8_star,episode_6,Request Count,32
715,escape_room,InternVL3-14B-t0.0--InternVL3-14B-t0.0,8_star,episode_6,Violated Request Count,0
716,escape_room,InternVL3-14B-t0.0--InternVL3-14B-t0.0,8_star,episode_6,Parsed Request Count,32
717,escape_room,InternVL3-14B-t0.0--InternVL3-14B-t0.0,8_star,episode_6,Aborted,0
718,escape_room,InternVL3-14B-t0.0--InternVL3-14B-t0.0,8_star,episode_6,Success,0
719,escape_room,InternVL3-14B-t0.0--InternVL3-14B-t0.0,8_star,episode_6,Lose,1
720,escape_room,InternVL3-14B-t0.0--InternVL3-14B-t0.0,8_star,episode_6,Main Score,0
721,escape_room,InternVL3-14B-t0.0--InternVL3-14B-t0.0,8_star,episode_0,Request Count,16
722,escape_room,InternVL3-14B-t0.0--InternVL3-14B-t0.0,8_star,episode_0,Violated Request Count,0
723,escape_room,InternVL3-14B-t0.0--InternVL3-14B-t0.0,8_star,episode_0,Parsed Request Count,16
724,escape_room,InternVL3-14B-t0.0--InternVL3-14B-t0.0,8_star,episode_0,Aborted,0
725,escape_room,InternVL3-14B-t0.0--InternVL3-14B-t0.0,8_star,episode_0,Success,1
726,escape_room,InternVL3-14B-t0.0--InternVL3-14B-t0.0,8_star,episode_0,Lose,0
727,escape_room,InternVL3-14B-t0.0--InternVL3-14B-t0.0,8_star,episode_0,Main Score,100.0
728,escape_room,InternVL3-14B-t0.0--InternVL3-14B-t0.0,4_medium_ambiguity,episode_4,Request Count,101
729,escape_room,InternVL3-14B-t0.0--InternVL3-14B-t0.0,4_medium_ambiguity,episode_4,Violated Request Count,0
730,escape_room,InternVL3-14B-t0.0--InternVL3-14B-t0.0,4_medium_ambiguity,episode_4,Parsed Request Count,101
731,escape_room,InternVL3-14B-t0.0--InternVL3-14B-t0.0,4_medium_ambiguity,episode_4,Aborted,0
732,escape_room,InternVL3-14B-t0.0--InternVL3-14B-t0.0,4_medium_ambiguity,episode_4,Success,0
733,escape_room,InternVL3-14B-t0.0--InternVL3-14B-t0.0,4_medium_ambiguity,episode_4,Lose,1
734,escape_room,InternVL3-14B-t0.0--InternVL3-14B-t0.0,4_medium_ambiguity,episode_4,Main Score,8.333333333333334
735,escape_room,InternVL3-14B-t0.0--InternVL3-14B-t0.0,4_medium_ambiguity,episode_8,Request Count,48
736,escape_room,InternVL3-14B-t0.0--InternVL3-14B-t0.0,4_medium_ambiguity,episode_8,Violated Request Count,0
737,escape_room,InternVL3-14B-t0.0--InternVL3-14B-t0.0,4_medium_ambiguity,episode_8,Parsed Request Count,48
738,escape_room,InternVL3-14B-t0.0--InternVL3-14B-t0.0,4_medium_ambiguity,episode_8,Aborted,0
739,escape_room,InternVL3-14B-t0.0--InternVL3-14B-t0.0,4_medium_ambiguity,episode_8,Success,1
740,escape_room,InternVL3-14B-t0.0--InternVL3-14B-t0.0,4_medium_ambiguity,episode_8,Lose,0
741,escape_room,InternVL3-14B-t0.0--InternVL3-14B-t0.0,4_medium_ambiguity,episode_8,Main Score,25.0
742,escape_room,InternVL3-14B-t0.0--InternVL3-14B-t0.0,4_medium_ambiguity,episode_2,Request Count,28
743,escape_room,InternVL3-14B-t0.0--InternVL3-14B-t0.0,4_medium_ambiguity,episode_2,Violated Request Count,0
744,escape_room,InternVL3-14B-t0.0--InternVL3-14B-t0.0,4_medium_ambiguity,episode_2,Parsed Request Count,28
745,escape_room,InternVL3-14B-t0.0--InternVL3-14B-t0.0,4_medium_ambiguity,episode_2,Aborted,0
746,escape_room,InternVL3-14B-t0.0--InternVL3-14B-t0.0,4_medium_ambiguity,episode_2,Success,1
747,escape_room,InternVL3-14B-t0.0--InternVL3-14B-t0.0,4_medium_ambiguity,episode_2,Lose,0
748,escape_room,InternVL3-14B-t0.0--InternVL3-14B-t0.0,4_medium_ambiguity,episode_2,Main Score,50.0
749,escape_room,InternVL3-14B-t0.0--InternVL3-14B-t0.0,4_medium_ambiguity,episode_5,Request Count,67
750,escape_room,InternVL3-14B-t0.0--InternVL3-14B-t0.0,4_medium_ambiguity,episode_5,Violated Request Count,0
751,escape_room,InternVL3-14B-t0.0--InternVL3-14B-t0.0,4_medium_ambiguity,episode_5,Parsed Request Count,67
752,escape_room,InternVL3-14B-t0.0--InternVL3-14B-t0.0,4_medium_ambiguity,episode_5,Aborted,0
753,escape_room,InternVL3-14B-t0.0--InternVL3-14B-t0.0,4_medium_ambiguity,episode_5,Success,0
754,escape_room,InternVL3-14B-t0.0--InternVL3-14B-t0.0,4_medium_ambiguity,episode_5,Lose,1
755,escape_room,InternVL3-14B-t0.0--InternVL3-14B-t0.0,4_medium_ambiguity,episode_5,Main Score,0
756,escape_room,InternVL3-14B-t0.0--InternVL3-14B-t0.0,4_medium_ambiguity,episode_9,Request Count,16
757,escape_room,InternVL3-14B-t0.0--InternVL3-14B-t0.0,4_medium_ambiguity,episode_9,Violated Request Count,0
758,escape_room,InternVL3-14B-t0.0--InternVL3-14B-t0.0,4_medium_ambiguity,episode_9,Parsed Request Count,16
759,escape_room,InternVL3-14B-t0.0--InternVL3-14B-t0.0,4_medium_ambiguity,episode_9,Aborted,0
760,escape_room,InternVL3-14B-t0.0--InternVL3-14B-t0.0,4_medium_ambiguity,episode_9,Success,1
761,escape_room,InternVL3-14B-t0.0--InternVL3-14B-t0.0,4_medium_ambiguity,episode_9,Lose,0
762,escape_room,InternVL3-14B-t0.0--InternVL3-14B-t0.0,4_medium_ambiguity,episode_9,Main Score,100.0
763,escape_room,InternVL3-14B-t0.0--InternVL3-14B-t0.0,4_medium_ambiguity,episode_7,Request Count,16
764,escape_room,InternVL3-14B-t0.0--InternVL3-14B-t0.0,4_medium_ambiguity,episode_7,Violated Request Count,0
765,escape_room,InternVL3-14B-t0.0--InternVL3-14B-t0.0,4_medium_ambiguity,episode_7,Parsed Request Count,16
766,escape_room,InternVL3-14B-t0.0--InternVL3-14B-t0.0,4_medium_ambiguity,episode_7,Aborted,0
767,escape_room,InternVL3-14B-t0.0--InternVL3-14B-t0.0,4_medium_ambiguity,episode_7,Success,1
768,escape_room,InternVL3-14B-t0.0--InternVL3-14B-t0.0,4_medium_ambiguity,episode_7,Lose,0
769,escape_room,InternVL3-14B-t0.0--InternVL3-14B-t0.0,4_medium_ambiguity,episode_7,Main Score,100.0
770,escape_room,InternVL3-14B-t0.0--InternVL3-14B-t0.0,4_medium_ambiguity,episode_1,Request Count,157
771,escape_room,InternVL3-14B-t0.0--InternVL3-14B-t0.0,4_medium_ambiguity,episode_1,Violated Request Count,0
772,escape_room,InternVL3-14B-t0.0--InternVL3-14B-t0.0,4_medium_ambiguity,episode_1,Parsed Request Count,157
773,escape_room,InternVL3-14B-t0.0--InternVL3-14B-t0.0,4_medium_ambiguity,episode_1,Aborted,0
774,escape_room,InternVL3-14B-t0.0--InternVL3-14B-t0.0,4_medium_ambiguity,episode_1,Success,0
775,escape_room,InternVL3-14B-t0.0--InternVL3-14B-t0.0,4_medium_ambiguity,episode_1,Lose,1
776,escape_room,InternVL3-14B-t0.0--InternVL3-14B-t0.0,4_medium_ambiguity,episode_1,Main Score,5.2631578947368425
777,escape_room,InternVL3-14B-t0.0--InternVL3-14B-t0.0,4_medium_ambiguity,episode_6,Request Count,36
778,escape_room,InternVL3-14B-t0.0--InternVL3-14B-t0.0,4_medium_ambiguity,episode_6,Violated Request Count,0
779,escape_room,InternVL3-14B-t0.0--InternVL3-14B-t0.0,4_medium_ambiguity,episode_6,Parsed Request Count,36
780,escape_room,InternVL3-14B-t0.0--InternVL3-14B-t0.0,4_medium_ambiguity,episode_6,Aborted,0
781,escape_room,InternVL3-14B-t0.0--InternVL3-14B-t0.0,4_medium_ambiguity,episode_6,Success,0
782,escape_room,InternVL3-14B-t0.0--InternVL3-14B-t0.0,4_medium_ambiguity,episode_6,Lose,1
783,escape_room,InternVL3-14B-t0.0--InternVL3-14B-t0.0,4_medium_ambiguity,episode_6,Main Score,28.571428571428573
784,escape_room,InternVL3-14B-t0.0--InternVL3-14B-t0.0,4_medium_ambiguity,episode_0,Request Count,77
785,escape_room,InternVL3-14B-t0.0--InternVL3-14B-t0.0,4_medium_ambiguity,episode_0,Violated Request Count,0
786,escape_room,InternVL3-14B-t0.0--InternVL3-14B-t0.0,4_medium_ambiguity,episode_0,Parsed Request Count,77
787,escape_room,InternVL3-14B-t0.0--InternVL3-14B-t0.0,4_medium_ambiguity,episode_0,Aborted,0
788,escape_room,InternVL3-14B-t0.0--InternVL3-14B-t0.0,4_medium_ambiguity,episode_0,Success,0
789,escape_room,InternVL3-14B-t0.0--InternVL3-14B-t0.0,4_medium_ambiguity,episode_0,Lose,1
790,escape_room,InternVL3-14B-t0.0--InternVL3-14B-t0.0,4_medium_ambiguity,episode_0,Main Score,11.11111111111111
791,escape_room,InternVL3-14B-t0.0--InternVL3-14B-t0.0,11_far,episode_4,Played,1
792,escape_room,InternVL3-14B-t0.0--InternVL3-14B-t0.0,11_far,episode_3,Played,1
793,escape_room,InternVL3-14B-t0.0--InternVL3-14B-t0.0,11_far,episode_5,Played,1
794,escape_room,InternVL3-14B-t0.0--InternVL3-14B-t0.0,11_far,episode_9,Played,1
795,escape_room,InternVL3-14B-t0.0--InternVL3-14B-t0.0,11_far,episode_7,Played,1
796,escape_room,InternVL3-14B-t0.0--InternVL3-14B-t0.0,11_far,episode_1,Played,1
797,escape_room,InternVL3-14B-t0.0--InternVL3-14B-t0.0,11_far,episode_0,Played,1
798,escape_room,InternVL3-14B-t0.0--InternVL3-14B-t0.0,5_high_ambiguity,episode_4,Played,1
799,escape_room,InternVL3-14B-t0.0--InternVL3-14B-t0.0,5_high_ambiguity,episode_3,Played,1
800,escape_room,InternVL3-14B-t0.0--InternVL3-14B-t0.0,5_high_ambiguity,episode_8,Played,1
801,escape_room,InternVL3-14B-t0.0--InternVL3-14B-t0.0,5_high_ambiguity,episode_2,Played,1
802,escape_room,InternVL3-14B-t0.0--InternVL3-14B-t0.0,5_high_ambiguity,episode_5,Played,1
803,escape_room,InternVL3-14B-t0.0--InternVL3-14B-t0.0,5_high_ambiguity,episode_9,Played,1
804,escape_room,InternVL3-14B-t0.0--InternVL3-14B-t0.0,5_high_ambiguity,episode_7,Played,1
805,escape_room,InternVL3-14B-t0.0--InternVL3-14B-t0.0,5_high_ambiguity,episode_1,Played,1
806,escape_room,InternVL3-14B-t0.0--InternVL3-14B-t0.0,5_high_ambiguity,episode_6,Played,1
807,escape_room,InternVL3-14B-t0.0--InternVL3-14B-t0.0,5_high_ambiguity,episode_0,Played,1
808,escape_room,InternVL3-14B-t0.0--InternVL3-14B-t0.0,7_ladder,episode_4,Played,1
809,escape_room,InternVL3-14B-t0.0--InternVL3-14B-t0.0,7_ladder,episode_3,Played,1
810,escape_room,InternVL3-14B-t0.0--InternVL3-14B-t0.0,7_ladder,episode_8,Played,1
811,escape_room,InternVL3-14B-t0.0--InternVL3-14B-t0.0,7_ladder,episode_2,Played,1
812,escape_room,InternVL3-14B-t0.0--InternVL3-14B-t0.0,7_ladder,episode_5,Played,1
813,escape_room,InternVL3-14B-t0.0--InternVL3-14B-t0.0,7_ladder,episode_9,Played,1
814,escape_room,InternVL3-14B-t0.0--InternVL3-14B-t0.0,7_ladder,episode_7,Played,1
815,escape_room,InternVL3-14B-t0.0--InternVL3-14B-t0.0,7_ladder,episode_1,Played,1
816,escape_room,InternVL3-14B-t0.0--InternVL3-14B-t0.0,7_ladder,episode_6,Played,1
817,escape_room,InternVL3-14B-t0.0--InternVL3-14B-t0.0,7_ladder,episode_0,Played,1
818,escape_room,InternVL3-14B-t0.0--InternVL3-14B-t0.0,0_small,episode_4,Played,1
819,escape_room,InternVL3-14B-t0.0--InternVL3-14B-t0.0,0_small,episode_3,Played,1
820,escape_room,InternVL3-14B-t0.0--InternVL3-14B-t0.0,0_small,episode_8,Played,1
821,escape_room,InternVL3-14B-t0.0--InternVL3-14B-t0.0,0_small,episode_2,Played,1
822,escape_room,InternVL3-14B-t0.0--InternVL3-14B-t0.0,0_small,episode_5,Played,1
823,escape_room,InternVL3-14B-t0.0--InternVL3-14B-t0.0,0_small,episode_9,Played,1
824,escape_room,InternVL3-14B-t0.0--InternVL3-14B-t0.0,0_small,episode_7,Played,1
825,escape_room,InternVL3-14B-t0.0--InternVL3-14B-t0.0,0_small,episode_1,Played,1
826,escape_room,InternVL3-14B-t0.0--InternVL3-14B-t0.0,0_small,episode_6,Played,1
827,escape_room,InternVL3-14B-t0.0--InternVL3-14B-t0.0,0_small,episode_0,Played,1
828,escape_room,InternVL3-14B-t0.0--InternVL3-14B-t0.0,1_medium,episode_4,Played,1
829,escape_room,InternVL3-14B-t0.0--InternVL3-14B-t0.0,1_medium,episode_3,Played,1
830,escape_room,InternVL3-14B-t0.0--InternVL3-14B-t0.0,1_medium,episode_8,Played,1
831,escape_room,InternVL3-14B-t0.0--InternVL3-14B-t0.0,1_medium,episode_2,Played,1
832,escape_room,InternVL3-14B-t0.0--InternVL3-14B-t0.0,1_medium,episode_5,Played,1
833,escape_room,InternVL3-14B-t0.0--InternVL3-14B-t0.0,1_medium,episode_9,Played,1
834,escape_room,InternVL3-14B-t0.0--InternVL3-14B-t0.0,1_medium,episode_7,Played,1
835,escape_room,InternVL3-14B-t0.0--InternVL3-14B-t0.0,1_medium,episode_1,Played,1
836,escape_room,InternVL3-14B-t0.0--InternVL3-14B-t0.0,1_medium,episode_6,Played,1
837,escape_room,InternVL3-14B-t0.0--InternVL3-14B-t0.0,1_medium,episode_0,Played,1
838,escape_room,InternVL3-14B-t0.0--InternVL3-14B-t0.0,10_near,episode_4,Played,1
839,escape_room,InternVL3-14B-t0.0--InternVL3-14B-t0.0,10_near,episode_3,Played,1
840,escape_room,InternVL3-14B-t0.0--InternVL3-14B-t0.0,10_near,episode_8,Played,1
841,escape_room,InternVL3-14B-t0.0--InternVL3-14B-t0.0,10_near,episode_2,Played,1
842,escape_room,InternVL3-14B-t0.0--InternVL3-14B-t0.0,10_near,episode_5,Played,1
843,escape_room,InternVL3-14B-t0.0--InternVL3-14B-t0.0,10_near,episode_9,Played,1
844,escape_room,InternVL3-14B-t0.0--InternVL3-14B-t0.0,10_near,episode_7,Played,1
845,escape_room,InternVL3-14B-t0.0--InternVL3-14B-t0.0,10_near,episode_1,Played,1
846,escape_room,InternVL3-14B-t0.0--InternVL3-14B-t0.0,10_near,episode_6,Played,1
847,escape_room,InternVL3-14B-t0.0--InternVL3-14B-t0.0,10_near,episode_0,Played,1
848,escape_room,InternVL3-14B-t0.0--InternVL3-14B-t0.0,6_path,episode_4,Played,1
849,escape_room,InternVL3-14B-t0.0--InternVL3-14B-t0.0,6_path,episode_3,Played,1
850,escape_room,InternVL3-14B-t0.0--InternVL3-14B-t0.0,6_path,episode_8,Played,1
851,escape_room,InternVL3-14B-t0.0--InternVL3-14B-t0.0,6_path,episode_2,Played,1
852,escape_room,InternVL3-14B-t0.0--InternVL3-14B-t0.0,6_path,episode_5,Played,1
853,escape_room,InternVL3-14B-t0.0--InternVL3-14B-t0.0,6_path,episode_9,Played,1
854,escape_room,InternVL3-14B-t0.0--InternVL3-14B-t0.0,6_path,episode_7,Played,1
855,escape_room,InternVL3-14B-t0.0--InternVL3-14B-t0.0,6_path,episode_1,Played,1
856,escape_room,InternVL3-14B-t0.0--InternVL3-14B-t0.0,6_path,episode_6,Played,1
857,escape_room,InternVL3-14B-t0.0--InternVL3-14B-t0.0,6_path,episode_0,Played,1
858,escape_room,InternVL3-14B-t0.0--InternVL3-14B-t0.0,3_low_ambiguity,episode_4,Played,1
859,escape_room,InternVL3-14B-t0.0--InternVL3-14B-t0.0,3_low_ambiguity,episode_3,Played,1
860,escape_room,InternVL3-14B-t0.0--InternVL3-14B-t0.0,3_low_ambiguity,episode_8,Played,1
861,escape_room,InternVL3-14B-t0.0--InternVL3-14B-t0.0,3_low_ambiguity,episode_2,Played,1
862,escape_room,InternVL3-14B-t0.0--InternVL3-14B-t0.0,3_low_ambiguity,episode_5,Played,1
863,escape_room,InternVL3-14B-t0.0--InternVL3-14B-t0.0,3_low_ambiguity,episode_9,Played,1
864,escape_room,InternVL3-14B-t0.0--InternVL3-14B-t0.0,3_low_ambiguity,episode_7,Played,1
865,escape_room,InternVL3-14B-t0.0--InternVL3-14B-t0.0,3_low_ambiguity,episode_1,Played,1
866,escape_room,InternVL3-14B-t0.0--InternVL3-14B-t0.0,3_low_ambiguity,episode_0,Played,1
867,escape_room,InternVL3-14B-t0.0--InternVL3-14B-t0.0,2_large,episode_4,Played,1
868,escape_room,InternVL3-14B-t0.0--InternVL3-14B-t0.0,2_large,episode_3,Played,1
869,escape_room,InternVL3-14B-t0.0--InternVL3-14B-t0.0,2_large,episode_8,Played,1
870,escape_room,InternVL3-14B-t0.0--InternVL3-14B-t0.0,2_large,episode_2,Played,1
871,escape_room,InternVL3-14B-t0.0--InternVL3-14B-t0.0,2_large,episode_5,Played,1
872,escape_room,InternVL3-14B-t0.0--InternVL3-14B-t0.0,2_large,episode_9,Played,1
873,escape_room,InternVL3-14B-t0.0--InternVL3-14B-t0.0,2_large,episode_7,Played,1
874,escape_room,InternVL3-14B-t0.0--InternVL3-14B-t0.0,2_large,episode_1,Played,1
875,escape_room,InternVL3-14B-t0.0--InternVL3-14B-t0.0,2_large,episode_0,Played,1
876,escape_room,InternVL3-14B-t0.0--InternVL3-14B-t0.0,9_tree,episode_4,Played,1
877,escape_room,InternVL3-14B-t0.0--InternVL3-14B-t0.0,9_tree,episode_3,Played,1
878,escape_room,InternVL3-14B-t0.0--InternVL3-14B-t0.0,9_tree,episode_8,Played,1
879,escape_room,InternVL3-14B-t0.0--InternVL3-14B-t0.0,9_tree,episode_2,Played,1
880,escape_room,InternVL3-14B-t0.0--InternVL3-14B-t0.0,9_tree,episode_5,Played,1
881,escape_room,InternVL3-14B-t0.0--InternVL3-14B-t0.0,9_tree,episode_9,Played,1
882,escape_room,InternVL3-14B-t0.0--InternVL3-14B-t0.0,9_tree,episode_7,Played,1
883,escape_room,InternVL3-14B-t0.0--InternVL3-14B-t0.0,9_tree,episode_1,Played,1
884,escape_room,InternVL3-14B-t0.0--InternVL3-14B-t0.0,9_tree,episode_6,Played,1
885,escape_room,InternVL3-14B-t0.0--InternVL3-14B-t0.0,9_tree,episode_0,Played,1
886,escape_room,InternVL3-14B-t0.0--InternVL3-14B-t0.0,8_star,episode_4,Played,1
887,escape_room,InternVL3-14B-t0.0--InternVL3-14B-t0.0,8_star,episode_3,Played,1
888,escape_room,InternVL3-14B-t0.0--InternVL3-14B-t0.0,8_star,episode_2,Played,1
889,escape_room,InternVL3-14B-t0.0--InternVL3-14B-t0.0,8_star,episode_5,Played,1
890,escape_room,InternVL3-14B-t0.0--InternVL3-14B-t0.0,8_star,episode_9,Played,1
891,escape_room,InternVL3-14B-t0.0--InternVL3-14B-t0.0,8_star,episode_7,Played,1
892,escape_room,InternVL3-14B-t0.0--InternVL3-14B-t0.0,8_star,episode_1,Played,1
893,escape_room,InternVL3-14B-t0.0--InternVL3-14B-t0.0,8_star,episode_6,Played,1
894,escape_room,InternVL3-14B-t0.0--InternVL3-14B-t0.0,8_star,episode_0,Played,1
895,escape_room,InternVL3-14B-t0.0--InternVL3-14B-t0.0,4_medium_ambiguity,episode_4,Played,1
896,escape_room,InternVL3-14B-t0.0--InternVL3-14B-t0.0,4_medium_ambiguity,episode_8,Played,1
897,escape_room,InternVL3-14B-t0.0--InternVL3-14B-t0.0,4_medium_ambiguity,episode_2,Played,1
898,escape_room,InternVL3-14B-t0.0--InternVL3-14B-t0.0,4_medium_ambiguity,episode_5,Played,1
899,escape_room,InternVL3-14B-t0.0--InternVL3-14B-t0.0,4_medium_ambiguity,episode_9,Played,1
900,escape_room,InternVL3-14B-t0.0--InternVL3-14B-t0.0,4_medium_ambiguity,episode_7,Played,1
901,escape_room,InternVL3-14B-t0.0--InternVL3-14B-t0.0,4_medium_ambiguity,episode_1,Played,1
902,escape_room,InternVL3-14B-t0.0--InternVL3-14B-t0.0,4_medium_ambiguity,episode_6,Played,1
903,escape_room,InternVL3-14B-t0.0--InternVL3-14B-t0.0,4_medium_ambiguity,episode_0,Played,1
